City_ID,City,Country,Date,Lat,Lng,Max Temp,Humidity,Cloudiness,Wind Speed
0,Souillac,MU,2021-12-15 18:23:54,-20.5167,57.5167,76.35,88,40,4.61
1,Vaini,TO,2021-12-15 18:23:55,-21.2,-175.2,77.16,94,40,6.91
2,Barabai,ID,2021-12-15 18:23:56,-2.5833,115.3833,74.14,98,91,0.69
3,Bluff,NZ,2021-12-15 18:23:56,-46.6,168.3333,53.8,82,100,17.58
4,Lebu,CL,2021-12-15 18:23:57,-37.6167,-73.65,62.15,61,1,12.33
5,Harper,LR,2021-12-15 18:23:57,4.375,-7.7169,80.85,81,88,6.49
6,Igarka,RU,2021-12-15 18:23:58,67.4667,86.5833,-18.67,100,100,4.21
7,Punta Arenas,CL,2021-12-15 18:19:10,-53.15,-70.9167,59.02,67,0,20.71
8,Jijiang,CN,2021-12-15 18:23:59,29.2906,106.2542,55.36,91,100,1.7
9,Cao Bang,VN,2021-12-15 18:24:00,22.6667,106.25,56.75,98,30,0.18
10,Puerto Ayora,EC,2021-12-15 18:24:00,-0.7393,-90.3518,78.76,83,90,5.01
11,Sibolga,ID,2021-12-15 18:24:01,1.7427,98.7792,76.57,90,100,3.56
12,Ocos,GT,2021-12-15 18:24:02,14.5094,-92.1933,93.7,60,1,6.49
13,Nong Bua,TH,2021-12-15 18:24:03,15.8646,100.5858,73.89,69,55,1.92
14,Albany,US,2021-12-15 18:21:18,42.6001,-73.9662,46.81,51,100,1.01
15,Cape Town,ZA,2021-12-15 18:23:55,-33.9258,18.4232,61.21,76,75,3.0
16,Pacific Grove,US,2021-12-15 18:24:05,36.6177,-121.9166,53.71,75,1,1.01
17,Ushuaia,AR,2021-12-15 18:23:01,-54.8,-68.3,53.26,66,75,28.77
18,Kousseri,CM,2021-12-15 18:24:06,12.0769,15.0306,80.56,22,78,8.05
19,Qaanaaq,GL,2021-12-15 18:24:06,77.484,-69.3632,-3.46,69,0,4.25
20,Rikitea,PF,2021-12-15 18:24:07,-23.1203,-134.9692,76.75,76,83,9.55
21,Wamba,NG,2021-12-15 18:24:07,8.9333,8.6,80.49,22,36,1.39
22,Torbat-E Jam,IR,2021-12-15 18:24:08,35.244,60.6225,29.75,53,0,3.71
23,Barra,BR,2021-12-15 18:20:29,-11.0894,-43.1417,89.35,39,100,3.89
24,Busselton,AU,2021-12-15 18:24:08,-33.65,115.3333,54.09,84,43,10.0
25,Khatanga,RU,2021-12-15 18:24:09,71.9667,102.5,-7.94,92,100,10.2
26,Nantucket,US,2021-12-15 18:20:56,41.2835,-70.0995,47.03,62,1,8.05
27,Jamestown,US,2021-12-15 18:19:29,42.097,-79.2353,45.3,84,100,8.01
28,Longyearbyen,SJ,2021-12-15 18:22:05,78.2186,15.6401,28.24,69,40,13.8
29,Port Augusta,AU,2021-12-15 18:24:11,-32.5,137.7667,60.94,53,0,6.67
30,Ferrol,ES,2021-12-15 18:24:12,43.4832,-8.2369,52.68,86,1,4.34
31,Hermanus,ZA,2021-12-15 18:24:13,-34.4187,19.2345,60.91,66,75,16.22
32,Shelopugino,RU,2021-12-15 18:24:13,51.6514,117.5599,-23.94,99,24,2.59
33,Makueni,KE,2021-12-15 18:24:14,-1.8041,37.6203,62.76,98,96,2.33
34,Richards Bay,ZA,2021-12-15 18:24:15,-28.783,32.0377,78.08,79,40,13.09
35,Whakatane,NZ,2021-12-15 18:24:15,-37.9585,176.9854,67.51,92,69,1.99
36,College,US,2021-12-15 18:24:15,64.8569,-147.8028,-27.42,66,40,0.0
37,Kendari,ID,2021-12-15 18:24:16,-3.945,122.4989,76.78,94,100,3.42
38,Kahului,US,2021-12-15 18:24:16,20.8947,-156.47,76.84,85,20,8.05
39,Avarua,CK,2021-12-15 18:24:17,-21.2078,-159.775,80.65,83,20,9.22
40,Atuona,PF,2021-12-15 18:21:47,-9.8,-139.0333,77.85,77,34,16.17
41,Jieshou,CN,2021-12-15 18:24:18,33.2634,115.3611,47.84,55,98,5.91
42,Mataura,NZ,2021-12-15 18:24:19,-46.1927,168.8643,53.47,85,100,4.88
43,Dharchula,IN,2021-12-15 18:24:19,29.85,80.5333,43.7,26,0,9.28
44,Jiblah,YE,2021-12-15 18:24:20,13.9216,44.1467,57.31,53,2,3.24
45,Balkanabat,TM,2021-12-15 18:24:21,39.5108,54.3671,44.6,33,51,15.61
46,Russell,US,2021-12-15 18:24:21,32.3502,-85.1999,71.38,69,90,5.75
47,Yining,CN,2021-12-15 18:24:22,29.0361,114.5636,56.46,82,77,2.75
48,Soe,ID,2021-12-15 18:24:22,-9.8607,124.284,66.56,85,10,3.04
49,Sao Raimundo Nonato,BR,2021-12-15 18:24:23,-9.0153,-42.6994,91.78,37,78,7.38
50,Pisco,PE,2021-12-15 18:24:25,-13.7,-76.2167,71.02,78,30,10.36
51,Leningradskiy,RU,2021-12-15 18:24:25,69.3833,178.4167,-25.08,100,100,6.8
52,Barrow,US,2021-12-15 18:24:26,71.2906,-156.7887,-25.58,68,75,8.05
53,Buluang,PH,2021-12-15 18:24:27,13.3068,123.3425,75.61,92,100,6.33
54,Castro,BR,2021-12-15 18:23:27,-24.7911,-50.0119,75.51,79,100,3.31
55,Saint-Philippe,RE,2021-12-15 18:24:28,-21.3585,55.7679,76.59,80,30,12.53
56,Lorengau,PG,2021-12-15 18:24:28,-2.0226,147.2712,81.52,83,100,14.2
57,Ekibastuz,KZ,2021-12-15 18:24:30,51.6667,75.3667,20.1,81,93,16.87
58,Kaeo,NZ,2021-12-15 18:24:30,-35.1,173.7833,65.32,92,87,10.02
59,Eureka,US,2021-12-15 18:19:38,40.8021,-124.1637,47.35,80,100,10.0
60,Vestmannaeyjar,IS,2021-12-15 18:24:31,63.4427,-20.2734,43.79,81,75,29.93
61,Uyemskiy,RU,2021-12-15 18:24:32,64.4743,40.8524,28.45,93,75,4.47
62,Prince Rupert,CA,2021-12-15 18:24:33,54.3161,-130.3201,35.29,77,75,0.0
63,Provideniya,RU,2021-12-15 18:24:34,64.3833,-173.3,1.06,97,100,26.46
64,Patitirion,GR,2021-12-15 18:24:35,39.15,23.8667,51.28,69,100,16.55
65,Vardo,NO,2021-12-15 18:24:36,70.3705,31.1107,30.18,86,75,14.97
66,Birin,NP,2021-12-15 18:24:36,26.8865,88.0718,46.02,77,41,4.43
67,Buin,CL,2021-12-15 18:24:37,-33.7333,-70.75,87.06,19,5,9.64
68,At-Bashi,KG,2021-12-15 18:24:37,41.1702,75.8106,2.16,74,14,2.73
69,Sembakung,ID,2021-12-15 18:24:38,3.8167,117.25,74.48,96,100,1.95
70,Kapaa,US,2021-12-15 18:24:39,22.0752,-159.319,73.72,97,75,9.22
71,Cherskiy,RU,2021-12-15 18:24:39,68.75,161.3,-24.38,77,76,4.61
72,Barcelos,PT,2021-12-15 18:24:40,41.5388,-8.6151,59.85,63,4,3.53
73,Kashi,CN,2021-12-15 18:24:40,39.4547,75.9797,22.21,68,66,6.71
74,Clyde River,CA,2021-12-15 18:24:41,70.4692,-68.5914,-26.37,84,36,3.65
75,Nanortalik,GL,2021-12-15 18:24:41,60.1432,-45.2371,29.17,75,100,9.24
76,Kodinsk,RU,2021-12-15 18:24:42,58.6881,99.1844,-10.86,96,100,4.45
77,Lata,PT,2021-12-15 18:24:42,40.1629,-8.3327,51.08,58,11,3.11
78,Yellowknife,CA,2021-12-15 18:20:46,62.456,-114.3525,-7.08,84,90,5.75
79,Kenai,US,2021-12-15 18:23:15,60.5544,-151.2583,2.14,84,1,10.36
80,Oudtshoorn,ZA,2021-12-15 18:20:56,-33.5907,22.2014,59.36,75,100,10.22
81,Bethel,US,2021-12-15 18:24:44,41.3712,-73.414,52.48,57,1,1.99
82,Constitucion,CL,2021-12-15 18:24:44,-35.3333,-72.4167,65.93,58,51,10.98
83,Kodiak,US,2021-12-15 18:24:45,57.79,-152.4072,13.51,79,1,4.61
84,Dikson,RU,2021-12-15 18:24:45,73.5069,80.5464,-20.54,100,100,4.99
85,Aloleng,PH,2021-12-15 18:24:46,16.1307,119.7824,76.26,68,42,9.51
86,Hobart,AU,2021-12-15 18:24:46,-42.8794,147.3294,55.26,78,90,1.01
87,Santa Marta,CO,2021-12-15 18:24:47,11.2408,-74.199,87.98,62,40,13.0
88,Omboue,GA,2021-12-15 18:24:48,-1.5746,9.2618,78.4,86,100,5.03
89,Venado Tuerto,AR,2021-12-15 18:24:48,-33.7456,-61.9688,87.85,23,44,10.13
90,Zhangye,CN,2021-12-15 18:24:48,38.9342,100.4517,17.53,64,24,3.4
91,Sambava,MG,2021-12-15 18:24:49,-14.2667,50.1667,77.2,80,41,8.52
92,Iqaluit,CA,2021-12-15 18:24:49,63.7506,-68.5145,-7.31,76,75,11.01
93,Asau,RO,2021-12-15 18:24:49,46.4333,26.4,39.76,84,66,4.45
94,Hun,LY,2021-12-15 18:24:50,29.1268,15.9477,55.94,58,99,3.85
95,Bambous Virieux,MU,2021-12-15 18:24:50,-20.3428,57.7575,76.21,88,40,4.61
96,Grand Gaube,MU,2021-12-15 18:24:51,-20.0064,57.6608,76.37,76,12,5.01
97,Monrovia,LR,2021-12-15 18:24:51,6.3005,-10.7969,82.17,74,96,5.75
98,Birao,CF,2021-12-15 18:24:52,10.2849,22.7882,80.8,23,99,6.13
99,Garden City,US,2021-12-15 18:24:52,42.3256,-83.331,52.86,78,90,1.99
100,Arraial Do Cabo,BR,2021-12-15 18:24:53,-22.9661,-42.0278,82.36,78,75,16.11
101,Sao Filipe,CV,2021-12-15 18:24:53,14.8961,-24.4956,75.25,68,100,11.25
102,Georgetown,MY,2021-12-15 18:24:53,5.4112,100.3354,82.89,78,20,3.44
103,Lithakia,GR,2021-12-15 18:24:54,37.7167,20.8333,51.58,87,20,0.0
104,Palmer,US,2021-12-15 18:24:55,42.1584,-72.3287,44.82,43,75,1.01
105,Thompson,CA,2021-12-15 18:24:55,55.7435,-97.8558,10.56,85,90,6.91
106,Okhotsk,RU,2021-12-15 18:24:56,59.3833,143.3,-5.93,85,100,12.91
107,Shizunai,JP,2021-12-15 18:24:56,42.3339,142.3669,35.71,64,40,16.17
108,Tsabong,BW,2021-12-15 18:24:57,-26.0217,22.401,86.88,15,0,9.71
109,Lebowakgomo,ZA,2021-12-15 18:24:58,-24.2,29.5,74.3,57,37,4.61
110,Ust-Ilimsk,RU,2021-12-15 18:24:58,58.0006,102.6619,-13.67,95,100,7.14
111,Bereda,ES,2021-12-15 18:25:00,43.2686,-7.5406,46.92,85,2,1.59
112,Champerico,GT,2021-12-15 18:25:00,14.3,-91.9167,93.74,63,0,7.14
113,Sao Mateus,BR,2021-12-15 18:21:28,-18.7161,-39.8589,81.18,74,100,9.19
114,Saint-Augustin,CA,2021-12-15 18:25:01,51.226,-58.6502,13.1,59,28,23.09
115,Saedinenie,BG,2021-12-15 18:25:02,42.2667,24.55,40.75,100,90,9.22
116,Port-Gentil,GA,2021-12-15 18:25:03,-0.7193,8.7815,82.36,83,75,8.05
117,Sorland,NO,2021-12-15 18:25:05,67.667,12.6934,42.87,77,99,31.47
118,New Norfolk,AU,2021-12-15 18:25:05,-42.7826,147.0587,54.9,64,56,2.21
119,Zelenets,RU,2021-12-15 18:25:06,61.8849,50.7489,25.05,95,100,7.56
120,Iranshahr,IR,2021-12-15 18:25:07,27.2025,60.6848,55.74,21,0,4.61
121,Moose Factory,CA,2021-12-15 18:25:07,51.2585,-80.6094,30.2,80,90,11.5
122,Qandala,SO,2021-12-15 18:25:07,11.472,49.8728,76.77,81,34,11.14
123,Norman Wells,CA,2021-12-15 18:25:08,65.282,-126.8329,-20.16,69,90,18.41
124,Lagoa,PT,2021-12-15 18:25:09,39.05,-27.9833,62.46,76,90,18.5
125,Bredasdorp,ZA,2021-12-15 18:25:10,-34.5322,20.0403,59.29,65,86,15.35
126,Villamontes,BO,2021-12-15 18:25:11,-21.25,-63.5,73.9,83,100,6.6
127,Dingle,PH,2021-12-15 18:25:11,10.9995,122.6711,74.7,93,100,9.1
128,Ribeira Grande,PT,2021-12-15 18:25:12,38.5167,-28.7,63.0,88,75,21.85
129,Padang,ID,2021-12-15 18:25:12,-0.9492,100.3543,77.79,87,100,3.67
130,Saint George,US,2021-12-15 18:20:46,37.1041,-113.5841,44.64,53,1,4.0
131,George,ZA,2021-12-15 18:25:15,-33.963,22.4617,60.35,88,75,13.8
132,Kangaatsiaq,GL,2021-12-15 18:25:15,68.3065,-53.4641,18.79,93,100,16.28
133,Kailua,US,2021-12-15 18:25:16,21.4022,-157.7394,74.75,71,95,19.22
134,Salym,RU,2021-12-15 18:25:17,60.0625,71.4789,4.05,99,95,2.37
135,Hilo,US,2021-12-15 18:25:17,19.7297,-155.09,76.62,48,75,10.36
136,Warmbad,NA,2021-12-15 18:25:18,-28.45,18.7333,72.05,24,4,18.86
137,Klaksvik,FO,2021-12-15 18:25:18,62.2266,-6.589,45.52,76,14,35.46
138,Ginda,IN,2021-12-15 18:25:18,30.6945,78.4932,35.92,20,0,8.5
139,Saskylakh,RU,2021-12-15 18:25:19,71.9167,114.0833,-31.86,100,20,4.72
140,Tuktoyaktuk,CA,2021-12-15 18:25:20,69.4541,-133.0374,-20.2,76,20,8.05
141,Ostrovnoy,RU,2021-12-15 18:21:10,68.0531,39.5131,30.06,91,96,22.24
142,Upernavik,GL,2021-12-15 18:25:21,72.7868,-56.1549,6.37,95,100,3.53
143,Yambio,SS,2021-12-15 18:25:22,4.5721,28.3955,80.37,33,100,4.65
144,Yumen,CN,2021-12-15 18:25:22,40.2833,97.2,21.43,45,63,16.42
145,Ancud,CL,2021-12-15 18:25:24,-41.8697,-73.8203,63.93,68,12,6.02
146,Phan Thiet,VN,2021-12-15 18:25:25,10.9333,108.1,74.7,88,50,6.11
147,Elizabeth City,US,2021-12-15 18:25:25,36.2946,-76.2511,69.01,68,1,3.44
148,Havelock,US,2021-12-15 18:25:26,34.8791,-76.9013,69.78,74,68,1.01
149,Dunedin,NZ,2021-12-15 18:24:11,-45.8742,170.5036,52.81,99,100,5.84
150,Xining,CN,2021-12-15 18:25:27,36.6167,101.7667,20.64,36,93,1.43
151,Waddan,LY,2021-12-15 18:25:29,29.1614,16.139,57.0,58,98,5.41
152,Upata,VE,2021-12-15 18:25:30,8.0086,-62.3989,78.28,83,91,4.7
153,Zhigansk,RU,2021-12-15 18:25:30,66.7697,123.3711,-29.78,93,100,8.37
154,Port Hedland,AU,2021-12-15 18:25:31,-20.3167,118.5667,78.85,78,0,9.22
155,Rehoboth,NA,2021-12-15 18:25:32,-23.3167,17.0833,75.92,14,0,13.91
156,Kruisfontein,ZA,2021-12-15 18:25:33,-34.0033,24.7314,63.88,80,71,17.18
157,Tenenkou,ML,2021-12-15 18:25:33,14.4572,-4.9169,86.29,13,100,12.06
158,Port Hardy,CA,2021-12-15 18:25:34,50.6996,-127.4199,44.6,75,90,23.02
159,Mehamn,NO,2021-12-15 18:25:35,71.0357,27.8492,25.23,89,84,8.41
160,Nalut,LY,2021-12-15 18:25:36,30.3333,10.85,53.94,45,43,8.5
161,Monforte De Lemos,ES,2021-12-15 18:25:37,42.5216,-7.5142,56.57,69,11,2.21
162,Am Timan,TD,2021-12-15 18:25:37,11.0297,20.2827,85.82,19,50,2.59
163,Townsville,AU,2021-12-15 18:25:38,-19.25,146.8,79.68,57,40,10.36
164,Carnarvon,AU,2021-12-15 18:25:39,-24.8667,113.6333,69.87,78,90,16.11
165,Ust-Omchug,RU,2021-12-15 18:25:40,61.15,149.6333,-14.69,98,100,5.35
166,Medea,DZ,2021-12-15 18:25:41,36.2642,2.7539,41.45,84,42,3.36
167,Krasnoselkup,RU,2021-12-15 18:25:41,65.7,82.4667,-12.12,100,92,5.39
168,Hasaki,JP,2021-12-15 18:25:42,35.7333,140.8333,34.2,58,0,6.91
169,East London,ZA,2021-12-15 18:25:42,-33.0153,27.9116,68.94,88,75,21.85
170,Victoria,HK,2021-12-15 18:22:28,22.2855,114.1577,72.32,90,100,5.99
171,Ponta Do Sol,PT,2021-12-15 18:25:43,32.6667,-17.1,64.71,69,2,6.6
172,Joao Pinheiro,BR,2021-12-15 18:25:44,-17.7425,-46.1725,73.63,79,100,5.1
173,Yar-Sale,RU,2021-12-15 18:25:45,66.8333,70.8333,-12.05,100,45,5.03
174,Coquimbo,CL,2021-12-15 18:25:45,-29.9533,-71.3436,66.96,67,1,8.14
175,Lavrentiya,RU,2021-12-15 18:25:46,65.5833,-171.0,-5.46,99,100,18.32
176,Dali,CN,2021-12-15 18:25:47,25.7,100.1833,42.24,70,1,4.83
177,Hithadhoo,MV,2021-12-15 18:25:47,-0.6,73.0833,82.26,70,31,1.92
178,Linhares,BR,2021-12-15 18:25:47,-19.3911,-40.0722,80.76,80,100,7.4
179,Manaskent,RU,2021-12-15 18:25:48,42.7275,47.6785,43.97,87,78,15.66
180,Baie-Comeau,CA,2021-12-15 18:25:48,49.2168,-68.1489,22.48,53,1,8.05
181,Morden,CA,2021-12-15 18:22:22,49.1919,-98.1014,28.22,93,100,8.05
182,San Cristobal,VE,2021-12-15 18:25:49,7.7669,-72.225,75.38,74,78,1.7
183,Roma,US,2021-12-15 18:25:50,43.2128,-75.4557,44.46,59,90,6.91
184,Antofagasta,CL,2021-12-15 18:25:50,-23.65,-70.4,71.22,56,10,9.84
185,Mount Vernon,US,2021-12-15 18:25:51,40.9126,-73.8371,55.71,59,75,4.0
186,Mar Del Plata,AR,2021-12-15 18:23:52,-38.0023,-57.5575,69.82,71,75,11.01
187,Gat,IL,2021-12-15 18:25:51,31.61,34.7642,57.4,57,0,3.71
188,Nakusp,CA,2021-12-15 18:25:53,50.2499,-117.8023,28.74,74,100,3.44
189,Egvekinot,RU,2021-12-15 18:25:53,66.3167,-179.1667,-10.95,98,100,19.44
190,Verkhoyansk,RU,2021-12-15 18:25:54,67.5447,133.385,-33.11,100,97,2.3
191,Bolshaya Glushitsa,RU,2021-12-15 18:25:54,50.2406,43.5908,32.74,95,100,2.89
192,Haines Junction,CA,2021-12-15 18:25:54,60.7522,-137.5108,-18.45,76,100,1.14
193,Katima Mulilo,NA,2021-12-15 18:25:55,-17.5,24.2667,77.9,56,71,5.57
194,Fortuna,US,2021-12-15 18:25:56,40.5982,-124.1573,47.08,91,20,13.0
195,Sainte-Marie,RE,2021-12-15 18:24:10,-20.8968,55.5496,77.16,88,75,9.22
196,Takoradi,GH,2021-12-15 18:25:56,4.8845,-1.7554,81.84,78,78,11.56
197,Valparai,IN,2021-12-15 18:25:57,10.3667,76.9667,60.57,90,91,4.32
198,Japura,ID,2021-12-15 18:25:58,-0.3167,102.35,74.3,99,100,3.4
199,Kizukuri,JP,2021-12-15 18:25:58,40.8061,140.3861,40.95,82,99,9.48
200,Butaritari,KI,2021-12-15 18:25:59,3.0707,172.7902,81.5,76,100,8.39
201,Novooleksiyivka,UA,2021-12-15 18:25:59,46.2269,34.6428,43.52,81,100,13.6
202,Marawi,PH,2021-12-15 18:26:00,7.9986,124.2928,67.64,98,100,3.67
203,Moengo,SR,2021-12-15 18:26:00,5.6167,-54.4,85.87,62,91,5.82
204,Port Alfred,ZA,2021-12-15 18:26:01,-33.5906,26.891,66.54,80,50,21.54
205,Talnakh,RU,2021-12-15 18:26:02,69.4865,88.3972,-13.49,100,100,0.27
206,Noumea,NC,2021-12-15 18:21:08,-22.2763,166.4572,67.98,72,46,0.72
207,Moroni,KM,2021-12-15 18:26:03,-11.7022,43.2551,80.6,69,20,4.61
208,Kharian,PK,2021-12-15 18:26:04,32.8149,73.8636,49.35,46,0,4.21
209,Kazachinskoye,RU,2021-12-15 18:26:05,57.6953,93.2761,-8.79,98,100,3.42
210,Fort Nelson,CA,2021-12-15 18:26:06,58.8053,-122.7002,-26.01,75,90,2.3
211,San Fernando,PH,2021-12-15 18:26:07,15.0286,120.6898,77.14,83,92,5.7
212,Chapais,CA,2021-12-15 18:26:07,49.7834,-74.8492,13.78,82,100,11.34
213,Saint-Joseph,RE,2021-12-15 18:26:08,-21.3667,55.6167,75.58,76,21,12.21
214,Chokurdakh,RU,2021-12-15 18:24:15,70.6333,147.9167,-23.1,97,100,5.97
215,Kilindoni,TZ,2021-12-15 18:26:08,-7.9139,39.6668,81.79,74,24,10.47
216,Cidreira,BR,2021-12-15 18:26:09,-30.1811,-50.2056,74.35,88,98,14.25
217,Mareeba,AU,2021-12-15 18:26:10,-17.0,145.4333,72.32,94,18,2.46
218,Simpang,ID,2021-12-15 18:26:10,-1.2667,104.0833,75.0,97,84,2.48
219,Ahipara,NZ,2021-12-15 18:26:11,-35.1667,173.1667,65.53,93,49,10.51
220,Mount Gambier,AU,2021-12-15 18:26:12,-37.8333,140.7667,46.31,87,90,3.44
221,Bagdarin,RU,2021-12-15 18:26:12,54.4333,113.6,-21.98,90,40,4.29
222,Nizwa,OM,2021-12-15 18:26:13,22.9333,57.5333,65.7,36,52,2.71
223,Vostok,RU,2021-12-15 18:26:14,46.4856,135.8833,-14.87,98,51,4.52
224,San Patricio,US,2021-12-15 18:26:15,28.017,-97.5169,84.18,65,100,20.09
225,Zhezkazgan,KZ,2021-12-15 18:26:15,47.8043,67.7144,13.77,85,100,4.94
226,Key West,US,2021-12-15 18:21:44,24.5557,-81.7826,84.2,68,75,9.22
227,Quballat,TN,2021-12-15 18:26:18,36.5418,9.6633,53.82,77,66,1.83
228,Homer,US,2021-12-15 18:26:19,59.6425,-151.5483,17.47,72,1,6.91
229,Selma,US,2021-12-15 18:26:20,36.5708,-119.6121,49.21,87,70,5.23
230,Vanimo,PG,2021-12-15 18:26:20,-2.6741,141.3028,76.73,90,100,5.17
231,Marsa Matruh,EG,2021-12-15 18:26:22,31.3525,27.2453,60.1,58,48,14.5
232,Kalmunai,LK,2021-12-15 18:26:23,7.4167,81.8167,77.13,84,100,3.65
233,Santa Rosa,PH,2021-12-15 18:26:23,14.3122,121.1114,77.11,78,100,9.6
234,Tasiilaq,GL,2021-12-15 18:26:25,65.6145,-37.6368,28.56,77,99,2.95
235,Mandalgovi,MN,2021-12-15 18:26:26,45.7625,106.2708,-1.03,58,90,15.01
236,Celestun,MX,2021-12-15 18:26:26,20.8667,-90.4,83.32,61,45,9.95
237,Tura,IN,2021-12-15 18:26:27,25.5198,90.2201,58.8,73,49,3.22
238,Semnan,IR,2021-12-15 18:26:28,35.5729,53.3971,41.41,44,99,1.07
239,Coahuayana,MX,2021-12-15 18:26:28,18.7333,-103.6833,89.13,46,0,4.29
240,Surgut,RU,2021-12-15 18:26:29,61.25,73.4167,0.09,77,75,4.0
241,Kavaratti,IN,2021-12-15 18:26:29,10.5669,72.642,82.18,69,33,1.79
242,Luwuk,ID,2021-12-15 18:26:30,-0.9516,122.7875,78.53,86,90,2.84
243,Tuatapere,NZ,2021-12-15 18:26:30,-46.1333,167.6833,53.82,87,100,3.27
244,Rock Springs,US,2021-12-15 18:26:31,41.5875,-109.2029,22.44,56,40,10.0
245,Yenagoa,NG,2021-12-15 18:26:31,4.9247,6.2642,79.27,82,100,6.4
246,Bengkulu,ID,2021-12-15 18:26:32,-3.8004,102.2655,75.67,90,100,3.53
247,Acapulco,MX,2021-12-15 18:26:00,16.8634,-99.8901,85.82,62,1,8.05
248,Nowy Dwor Gdanski,PL,2021-12-15 18:26:33,54.2131,19.1177,48.2,96,100,11.14
249,Kaitangata,NZ,2021-12-15 18:26:33,-46.2817,169.8464,56.93,81,100,6.64
250,Cururupu,BR,2021-12-15 18:26:34,-1.8283,-44.8683,81.07,84,76,6.96
251,Rawson,AR,2021-12-15 18:26:34,-43.3002,-65.1023,70.52,54,16,17.69
252,Gadarwara,IN,2021-12-15 18:26:34,22.9167,78.7833,62.56,56,83,5.1
253,Morant Bay,JM,2021-12-15 18:26:35,17.8815,-76.4093,87.42,72,18,10.11
254,Pevek,RU,2021-12-15 18:26:36,69.7008,170.3133,-22.94,91,100,4.16
255,Hays,US,2021-12-15 18:26:37,30.0502,-98.0336,77.34,77,100,5.01
256,Lucea,JM,2021-12-15 18:26:37,18.451,-78.1736,86.86,70,18,19.53
257,Natalinsk,RU,2021-12-15 18:26:38,56.4739,57.8698,18.64,96,96,5.06
258,Malanje,AO,2021-12-15 18:26:39,-9.5402,16.341,65.95,96,87,2.95
259,Darhan,MN,2021-12-15 18:26:40,49.4867,105.9228,-2.81,87,100,3.15
260,Jasper,US,2021-12-15 18:26:41,37.2001,-94.3502,73.45,58,75,11.99
261,Husavik,IS,2021-12-15 18:26:41,66.0449,-17.3389,40.91,82,100,9.57
262,Komsomolskiy,UZ,2021-12-15 18:26:42,40.4272,71.7189,36.82,80,75,4.61
263,Tiksi,RU,2021-12-15 18:26:42,71.6872,128.8694,-17.73,99,100,0.76
264,Ayan,RU,2021-12-15 18:26:42,56.45,138.1667,-12.39,71,97,19.37
265,Kieta,PG,2021-12-15 18:26:43,-6.2167,155.6333,80.55,86,96,9.93
266,Constantine,DZ,2021-12-15 18:26:44,36.365,6.6147,45.81,81,20,5.75
267,Lanigan,CA,2021-12-15 18:26:44,51.8501,-105.0344,5.29,91,100,14.38
268,Kosh-Agach,RU,2021-12-15 18:26:45,50.0,88.6667,-19.16,92,15,3.74
269,Senftenberg,DE,2021-12-15 18:26:46,51.5167,14.0167,48.16,89,100,7.61
270,Catamarca,AR,2021-12-15 18:26:46,-28.4696,-65.7852,81.77,53,57,8.01
271,Cabo San Lucas,MX,2021-12-15 18:24:40,22.8909,-109.9124,85.51,50,24,3.0
272,Batagay-Alyta,RU,2021-12-15 18:26:47,67.8006,130.4114,-20.29,98,100,1.45
273,Mamallapuram,IN,2021-12-15 18:26:48,12.6264,80.1722,80.06,72,96,12.62
274,Chimbote,PE,2021-12-15 18:25:12,-9.0853,-78.5783,71.55,75,92,10.29
275,Nha Trang,VN,2021-12-15 18:24:34,12.25,109.1833,73.4,92,81,5.44
276,Zhicheng,CN,2021-12-15 18:26:51,30.2956,111.5047,51.35,80,100,3.83
277,Olinda,BR,2021-12-15 18:26:51,-8.0089,-34.8553,83.93,70,75,12.66
278,Brownsville,US,2021-12-15 18:26:52,25.9018,-97.4975,80.91,81,90,7.0
279,Erzin,TR,2021-12-15 18:26:52,36.9559,36.2,54.32,74,75,5.39
280,Amahai,ID,2021-12-15 18:26:54,-3.3333,128.9167,79.48,84,97,2.1
281,Ponferrada,ES,2021-12-15 18:24:54,42.5466,-6.5962,54.1,29,34,3.98
282,Wewak,PG,2021-12-15 18:26:55,-3.5534,143.6268,77.68,87,100,5.19
283,Sur,OM,2021-12-15 18:26:56,22.5667,59.5289,71.92,45,42,6.98
284,Barmer,IN,2021-12-15 18:26:56,25.75,71.3833,57.34,22,0,7.27
285,Sept-Iles,CA,2021-12-15 18:24:30,50.2001,-66.3821,25.05,61,75,5.01
286,Nome,US,2021-12-15 18:26:57,64.5011,-165.4064,8.67,72,90,33.38
287,Namibe,AO,2021-12-15 18:26:57,-15.1961,12.1522,69.69,76,10,7.45
288,Linxia,CN,2021-12-15 18:26:57,35.6003,103.2064,25.61,47,90,1.79
289,Slawno,PL,2021-12-15 18:26:58,54.3628,16.6789,46.35,88,98,15.88
290,Raudeberg,NO,2021-12-15 18:26:58,61.9875,5.1352,47.19,85,63,10.0
291,Chicama,PE,2021-12-15 18:26:59,-7.8447,-79.1469,70.34,62,48,11.27
292,Hami,CN,2021-12-15 18:26:59,42.8,93.45,21.79,46,13,8.03
293,Galesong,ID,2021-12-15 18:27:00,-5.3166,119.3661,78.82,84,98,2.28
294,Orel-Izumrud,RU,2021-12-15 18:27:01,43.4583,39.9244,51.82,62,75,2.24
295,Luangwa,ZM,2021-12-15 18:27:01,-15.6167,30.4167,76.89,69,50,5.39
296,Novoagansk,RU,2021-12-15 18:27:02,61.9449,76.6625,1.92,99,96,1.52
297,Bonavista,CA,2021-12-15 18:27:02,48.6499,-53.1147,26.11,88,100,36.01
298,Alvorada,BR,2021-12-15 18:27:03,-12.48,-49.1247,79.59,76,100,6.82
299,Qui Nhon,VN,2021-12-15 18:25:48,13.7667,109.2333,72.19,91,15,5.97
300,Kristiansund,NO,2021-12-15 18:27:04,63.1115,7.732,44.65,87,75,21.85
301,Nikolskoye,RU,2021-12-15 18:27:06,59.7035,30.7861,36.88,98,100,11.07
302,Viedma,AR,2021-12-15 18:27:06,-40.8135,-62.9967,83.52,24,49,10.56
303,Yuza,JP,2021-12-15 18:27:07,39.0,139.9167,40.93,91,94,4.88
304,Shilka,RU,2021-12-15 18:27:07,51.85,116.0333,-18.51,96,19,0.89
305,Awjilah,LY,2021-12-15 18:27:08,29.1081,21.2869,59.45,59,89,3.67
306,Cristalina,BR,2021-12-15 18:27:09,-16.7686,-47.6136,67.59,84,98,6.2
307,Porangatu,BR,2021-12-15 18:27:09,-13.4408,-49.1486,80.89,76,99,4.76
308,Taunggyi,MM,2021-12-15 18:27:10,20.7833,97.0333,50.09,83,6,0.81
309,Lypova Dolyna,UA,2021-12-15 18:27:10,50.5643,33.7979,30.24,92,54,5.23
310,Faanui,PF,2021-12-15 18:27:10,-16.4833,-151.75,80.78,76,24,13.94
311,Cap Malheureux,MU,2021-12-15 18:27:11,-19.9842,57.6142,76.46,76,11,5.01
312,Pitimbu,BR,2021-12-15 18:27:11,-7.4706,-34.8086,88.39,69,100,12.12
313,Pringsewu,ID,2021-12-15 18:27:12,-5.3582,104.9744,74.97,95,99,4.52
314,Lithgow,AU,2021-12-15 18:27:12,-33.4833,150.15,55.83,87,96,3.56
315,Torbay,CA,2021-12-15 18:27:12,47.6666,-52.7314,25.57,84,90,29.93
316,Kavieng,PG,2021-12-15 18:27:13,-2.5744,150.7967,83.17,75,100,12.35
317,Quatre Cocos,MU,2021-12-15 18:27:13,-20.2078,57.7625,76.08,75,34,16.46
318,Muros,ES,2021-12-15 18:27:14,42.7762,-9.0603,55.83,88,3,1.12
319,Wolfenbuttel,DE,2021-12-15 18:27:14,52.1667,10.55,49.66,79,90,1.99
320,Bose,IT,2021-12-15 18:27:15,45.4612,8.0137,42.94,82,65,1.39
321,Hanamaki,JP,2021-12-15 18:27:15,39.3833,141.1167,33.04,85,7,1.61
322,Zapresic,HR,2021-12-15 18:27:16,45.8564,15.8078,41.79,94,99,2.68
323,Mahebourg,MU,2021-12-15 18:27:16,-20.4081,57.7,76.24,88,40,4.61
324,Akyab,MM,2021-12-15 18:27:17,20.15,92.9,69.6,76,66,8.79
325,Damaturu,NG,2021-12-15 18:27:18,11.747,11.9608,74.89,23,26,10.8
326,Horni Plana,CZ,2021-12-15 18:27:19,48.7674,14.0326,36.52,99,96,5.01
327,Omsukchan,RU,2021-12-15 18:27:19,62.5333,155.8,-19.19,98,100,4.12
328,Katobu,ID,2021-12-15 18:27:20,-4.9408,122.5276,76.14,92,100,1.14
329,Saint Anthony,US,2021-12-15 18:27:20,45.0205,-93.218,54.14,94,90,1.99
330,Hobyo,SO,2021-12-15 18:27:21,5.3505,48.5268,78.37,78,75,16.2
331,Sabla,NG,2021-12-15 18:27:21,12.7525,4.7077,77.41,12,54,10.69
332,Karratha,AU,2021-12-15 18:27:22,-20.7377,116.8463,79.29,69,0,13.8
333,Banda Aceh,ID,2021-12-15 18:27:22,5.5577,95.3222,78.8,86,20,9.44
334,Airai,TL,2021-12-15 18:27:23,-8.9266,125.4092,60.78,78,40,1.86
335,Ballina,AU,2021-12-15 18:27:23,-28.8667,153.5667,62.78,99,53,1.14
336,Ariquemes,BR,2021-12-15 18:27:24,-9.9133,-63.0408,82.67,84,81,0.69
337,Hervey Bay,AU,2021-12-15 18:27:24,-25.2986,152.8535,69.04,87,0,1.01
338,Ous,RU,2021-12-15 18:27:25,60.9058,61.5186,6.55,97,72,2.19
339,San Andres,CO,2021-12-15 18:27:25,12.5847,-81.7006,86.02,74,20,12.66
340,Ginir,ET,2021-12-15 18:27:25,7.1333,40.7,58.73,64,71,1.92
341,Forestville,US,2021-12-15 18:27:26,38.8451,-76.875,58.86,64,40,4.61
342,Agadir,MA,2021-12-15 18:27:26,30.4202,-9.5982,64.85,52,100,6.98
343,Hamilton,US,2021-12-15 18:27:18,39.1834,-84.5333,63.91,36,90,1.99
344,Kitgum,UG,2021-12-15 18:27:27,3.2783,32.8867,82.18,38,97,5.57
345,Rincon,US,2021-12-15 18:27:27,32.296,-81.2354,71.56,61,75,9.22
346,Lumphat,KH,2021-12-15 18:27:28,13.4878,106.9816,71.69,85,9,5.06
347,Chernyshevskiy,RU,2021-12-15 18:27:28,63.0128,112.4714,-15.48,87,99,10.27
348,Isangel,VU,2021-12-15 18:27:29,-19.55,169.2667,69.91,88,20,0.0
349,Sao Joao Da Barra,BR,2021-12-15 18:27:29,-21.6403,-41.0511,84.29,86,80,20.15
350,Salinopolis,BR,2021-12-15 18:27:30,-0.6136,-47.3561,82.85,79,89,12.55
351,Te Anau,NZ,2021-12-15 18:27:30,-45.4167,167.7167,52.79,93,100,2.39
352,Mecca,SA,2021-12-15 18:27:31,21.4267,39.8261,75.65,69,82,3.96
353,Saint-Francois,FR,2021-12-15 18:27:31,46.4154,3.9054,36.68,98,90,4.61
354,Pauini,BR,2021-12-15 18:27:32,-7.7136,-66.9764,88.07,62,100,1.28
355,Yazd,IR,2021-12-15 18:27:32,31.8972,54.3675,46.51,39,75,4.61
356,Marsh Harbour,BS,2021-12-15 18:27:33,26.5412,-77.0636,75.88,70,73,24.56
357,Korla,CN,2021-12-15 18:27:33,41.7597,86.1469,24.64,66,2,4.76
358,Shenjiamen,CN,2021-12-15 18:27:34,29.9576,122.298,59.77,99,100,6.31
359,Port Elizabeth,ZA,2021-12-15 18:26:15,-33.918,25.5701,66.09,77,0,19.57
360,Beihai,CN,2021-12-15 18:27:35,21.4833,109.1,68.29,94,26,8.52
361,Sitka,US,2021-12-15 18:27:35,57.0531,-135.33,22.89,86,1,3.44
362,Severo-Kurilsk,RU,2021-12-15 18:27:36,50.6789,156.125,26.28,66,92,16.28
363,Puerto Escondido,MX,2021-12-15 18:27:37,15.85,-97.0667,86.2,45,0,6.31
364,Kayes,ML,2021-12-15 18:27:37,14.0,-11.0,90.81,11,100,2.77
365,Jonkoping,SE,2021-12-15 18:27:38,57.7814,14.1562,47.39,100,90,16.11
366,Golyshmanovo,RU,2021-12-15 18:27:38,56.3979,68.3728,16.2,96,95,9.15
367,Suez,EG,2021-12-15 18:27:39,29.9737,32.5263,57.79,46,0,6.8
368,Guerrero Negro,MX,2021-12-15 18:24:32,27.9769,-114.0611,63.72,60,100,16.73
369,Saldanha,ZA,2021-12-15 18:27:40,-33.0117,17.9442,61.65,75,17,22.68
370,Imst,AT,2021-12-15 18:27:40,47.2684,10.6698,25.57,89,79,5.39
371,Den Helder,NL,2021-12-15 18:27:41,52.9599,4.7593,51.94,89,4,8.99
372,Damara,CF,2021-12-15 18:27:41,4.9608,18.7035,80.02,28,93,0.6
373,Diego De Almagro,CL,2021-12-15 18:27:42,-26.3667,-70.05,82.44,15,0,16.04
374,Ayagoz,KZ,2021-12-15 18:27:42,47.9714,80.4392,11.95,89,100,11.92
375,Acajutla,SV,2021-12-15 18:27:43,13.5928,-89.8275,95.34,48,0,5.82
376,Ohangaron,UZ,2021-12-15 18:27:43,40.9064,69.6383,35.74,84,72,1.16
377,Buraydah,SA,2021-12-15 18:27:44,26.326,43.975,63.05,16,100,7.99
378,Opuwo,NA,2021-12-15 18:27:44,-18.0607,13.84,81.0,22,47,16.93
379,Poum,NC,2021-12-15 18:27:44,-20.2333,164.0167,78.17,54,51,6.02
380,Guisa,CU,2021-12-15 18:27:46,20.255,-76.5386,84.51,44,9,10.6
381,Vao,NC,2021-12-15 18:27:47,-22.6667,167.4833,75.09,67,11,8.52
382,Mus,TR,2021-12-15 18:27:47,39.0,41.75,36.21,52,72,4.36
383,Amilly,FR,2021-12-15 18:27:48,47.9728,2.7719,44.06,93,60,6.49
384,Uddevalla,SE,2021-12-15 18:27:28,58.3478,11.9424,47.14,98,100,11.01
385,Biltine,TD,2021-12-15 18:27:48,14.5333,20.9167,81.84,21,2,10.07
386,Kaoma,ZM,2021-12-15 18:27:49,-14.7833,24.8,66.99,88,90,5.44
387,Palafrugell,ES,2021-12-15 18:27:50,41.9174,3.1631,54.36,53,13,4.05
388,Vernon,CA,2021-12-15 18:24:46,50.2581,-119.2691,31.3,78,100,2.3
389,Agua Dulce,MX,2021-12-15 18:27:50,18.1333,-94.1333,74.98,73,43,8.41
390,Swan Hill,AU,2021-12-15 18:27:51,-35.3378,143.5544,57.09,66,0,8.12
391,Geraldton,AU,2021-12-15 18:27:52,-28.7667,114.6,64.81,82,90,6.91
392,Raga,SS,2021-12-15 18:27:52,8.4596,25.678,82.13,23,100,4.21
393,Limbazi,LV,2021-12-15 18:27:52,57.5129,24.7194,37.04,98,100,11.97
394,Fairbanks,US,2021-12-15 18:27:53,64.8378,-147.7164,-27.4,55,40,0.0
395,Weinan,CN,2021-12-15 18:27:53,34.5036,109.5089,31.69,57,94,5.48
396,Deputatskiy,RU,2021-12-15 18:27:54,69.3,139.9,-21.28,94,99,3.29
397,Cockburn Town,TC,2021-12-15 18:27:55,21.4612,-71.1419,82.36,61,40,17.27
398,Rakaia,NZ,2021-12-15 18:27:55,-43.75,172.0167,53.73,81,100,7.0
399,Ilo,PE,2021-12-15 18:27:56,-17.6394,-71.3375,72.46,56,0,13.8
400,Bitonto,IT,2021-12-15 18:27:56,41.1108,16.6894,53.62,56,20,10.36
401,Vila Velha,BR,2021-12-15 18:27:57,-20.3297,-40.2925,82.35,83,75,15.01
402,Kurilsk,RU,2021-12-15 18:27:57,45.2333,147.8833,31.05,79,87,11.59
403,Paita,PE,2021-12-15 18:27:57,-5.0892,-81.1144,79.36,74,96,11.41
404,Tavares,US,2021-12-15 18:27:58,28.8042,-81.7256,79.34,74,20,4.0
405,Manama,BH,2021-12-15 18:23:37,26.2154,50.5832,72.34,71,0,4.61
406,Guanica,PR,2021-12-15 18:27:59,17.9716,-66.908,84.33,77,4,17.02
407,Trenggalek,ID,2021-12-15 18:28:00,-8.05,111.7167,76.35,92,100,2.71
408,Mogadishu,SO,2021-12-15 18:28:00,2.0371,45.3438,79.39,80,34,17.63
409,Olga,RU,2021-12-15 18:28:00,43.7444,135.2892,24.42,58,70,4.83
410,Abbeville,FR,2021-12-15 18:27:50,50.1,1.8333,49.68,85,100,3.06
411,Kisangani,CD,2021-12-15 18:28:01,0.5167,25.2,73.54,93,100,2.42
412,Bima,ID,2021-12-15 18:28:02,-8.4667,118.7167,77.77,91,50,1.25
413,Telbang,PH,2021-12-15 18:28:03,16.1722,120.0592,75.56,70,59,10.38
414,Kununurra,AU,2021-12-15 18:28:04,-15.7667,128.7333,84.18,89,21,9.22
415,Kedrovyy,RU,2021-12-15 18:28:04,56.1667,91.8167,3.61,91,99,6.82
416,Kirakira,SB,2021-12-15 18:28:05,-10.4544,161.9205,79.41,86,100,5.91
417,Hammerfest,NO,2021-12-15 18:23:59,70.6634,23.6821,33.53,86,75,4.61
418,Kollo,NE,2021-12-15 18:28:06,13.3043,2.339,84.63,11,99,10.22
419,Maralal,KE,2021-12-15 18:28:06,1.0968,36.698,60.08,85,100,8.39
420,Warrnambool,AU,2021-12-15 18:28:07,-38.3833,142.4833,53.82,84,19,5.91
421,Lida,BY,2021-12-15 18:28:07,53.8833,25.2997,34.21,97,100,11.03
422,Chuy,UY,2021-12-15 18:28:08,-33.6971,-53.4616,72.28,70,95,9.42
423,Paamiut,GL,2021-12-15 18:28:08,61.994,-49.6678,20.37,89,100,6.93
424,Karaidel,RU,2021-12-15 18:28:09,55.8337,56.9069,22.86,94,100,9.53
425,Penha,BR,2021-12-15 18:28:09,-26.7694,-48.6458,83.71,83,75,6.91
426,Tabou,CI,2021-12-15 18:28:10,4.423,-7.3528,81.1,80,96,6.04
427,Nioro,GM,2021-12-15 18:28:10,13.35,-15.75,90.61,11,100,5.32
428,Payo,ID,2021-12-15 18:28:11,-3.7508,103.6372,72.9,97,100,2.17
429,Andujar,ES,2021-12-15 18:28:12,38.0392,-4.0508,59.0,42,44,1.83
430,Tuy Hoa,VN,2021-12-15 18:24:28,13.0833,109.3,72.48,93,71,4.03
431,Sayansk,RU,2021-12-15 18:28:12,54.1088,102.1648,-16.42,100,40,3.13
432,Kloulklubed,PW,2021-12-15 18:28:13,7.0419,134.2556,81.1,77,76,13.96
433,Burnie,AU,2021-12-15 18:28:14,-41.0667,145.9167,52.88,76,17,9.48
434,Basmat,IN,2021-12-15 18:28:15,19.3167,77.1667,67.42,49,86,6.73
435,Pandan Niog,PH,2021-12-15 18:28:15,6.2282,120.5631,82.13,80,100,20.11
436,Nara,JP,2021-12-15 18:28:16,34.6851,135.8049,49.28,76,13,2.95
437,Terrace,CA,2021-12-15 18:25:26,54.5163,-128.6035,19.42,79,75,17.27
438,Hailun,CN,2021-12-15 18:28:17,47.45,126.9333,-13.32,87,69,6.13
439,Cody,US,2021-12-15 18:28:17,44.5263,-109.0565,27.41,77,90,10.36
440,Tommot,RU,2021-12-15 18:28:18,58.9564,126.2925,-18.0,88,100,10.76
441,Faya,SA,2021-12-15 18:28:19,18.3851,42.4509,51.91,52,45,0.92
442,Itapirapua,BR,2021-12-15 18:28:19,-15.8233,-50.6133,78.46,79,100,4.09
443,Eydhafushi,MV,2021-12-15 18:28:20,5.1033,73.0708,81.09,79,75,18.34
444,Quelimane,MZ,2021-12-15 18:28:20,-17.8786,36.8883,82.35,78,40,10.36
445,Griffin,US,2021-12-15 18:27:27,33.2468,-84.2641,59.14,57,90,3.44
446,Erenhot,CN,2021-12-15 18:28:21,43.6475,111.9767,9.41,76,63,13.35
447,Caravelas,BR,2021-12-15 18:28:22,-17.7125,-39.2481,82.76,66,100,9.71
448,Chara,RU,2021-12-15 18:28:22,56.9064,118.2631,-31.41,82,90,1.5
449,Beyneu,KZ,2021-12-15 18:28:22,45.3167,55.2,36.75,66,81,23.15
450,Tocopilla,CL,2021-12-15 18:28:23,-22.092,-70.1979,71.49,67,76,9.44
451,Luderitz,NA,2021-12-15 18:28:23,-26.6481,15.1594,65.16,64,56,27.27
452,Bodaybo,RU,2021-12-15 18:28:24,57.8506,114.1933,-15.59,97,100,1.74
453,Vanavara,RU,2021-12-15 18:28:25,60.34,102.2797,-12.3,92,100,9.53
454,Mandal,IN,2021-12-15 18:28:25,25.45,74.5667,60.78,60,0,2.98
455,Belmonte,BR,2021-12-15 18:28:26,-15.8631,-38.8828,82.9,70,77,8.41
456,Broken Hill,AU,2021-12-15 18:28:27,-31.95,141.4333,62.31,55,31,8.05
457,Bontang,ID,2021-12-15 18:28:27,0.1333,117.5,78.28,84,84,2.64
458,Alofi,NU,2021-12-15 18:28:28,-19.0595,-169.9187,75.09,94,31,3.44
459,Gornorechenskiy,RU,2021-12-15 18:28:28,44.2624,135.1133,14.86,83,63,3.53
460,Arrifes,PT,2021-12-15 18:28:29,37.7667,-25.7,62.24,72,20,3.44
461,Palimbang,PH,2021-12-15 18:28:29,6.2106,124.1894,79.45,82,100,6.53
462,Nkhata Bay,MW,2021-12-15 18:28:30,-11.6066,34.2907,81.16,57,64,3.62
463,Oussouye,SN,2021-12-15 18:28:30,12.485,-16.5469,86.18,34,98,10.33
464,Aripuana,BR,2021-12-15 18:28:31,-9.1667,-60.6333,83.8,77,100,2.28
465,Bilma,NE,2021-12-15 18:28:32,18.6853,12.9164,65.75,20,58,10.8
466,Galle,LK,2021-12-15 18:28:32,6.0367,80.217,76.84,86,98,5.19
467,Jalu,LY,2021-12-15 18:28:33,29.0331,21.5482,57.79,63,98,5.14
468,Kurchum,KZ,2021-12-15 18:28:33,48.5722,83.6542,6.48,95,100,4.18
469,Washington,US,2021-12-15 18:28:34,47.5001,-120.5015,29.73,80,100,2.68
470,Aswan,EG,2021-12-15 18:28:35,24.0934,32.907,61.99,32,33,13.24
471,Hibbing,US,2021-12-15 18:28:35,47.4272,-92.9377,41.4,69,100,6.64
472,Balykshi,KZ,2021-12-15 18:28:35,47.0667,51.8667,28.4,86,100,24.61
473,Gazanjyk,TM,2021-12-15 18:28:36,39.2446,55.5154,38.5,49,1,21.34
474,Katsuura,JP,2021-12-15 18:28:36,35.1333,140.3,46.51,56,0,4.94
475,Warrington,GB,2021-12-15 18:28:36,53.3925,-2.5802,51.67,91,20,3.44
476,Beloha,MG,2021-12-15 18:28:38,-25.1667,45.05,76.33,74,11,4.56
477,Pangkalanbuun,ID,2021-12-15 18:28:39,-2.6833,111.6167,74.71,98,99,2.64
478,Sola,VU,2021-12-15 18:28:40,-13.8833,167.55,77.67,100,90,0.0
479,Edson,CA,2021-12-15 18:25:03,53.5835,-116.4356,-12.86,76,1,3.44
480,Iskateley,RU,2021-12-15 18:28:41,67.6803,53.1512,22.59,95,100,11.25
481,Nishihara,JP,2021-12-15 18:28:42,26.1842,127.7558,67.28,73,20,5.75
482,Ashtabula,US,2021-12-15 18:28:42,41.7001,-80.7665,53.76,66,90,16.11
483,Ouallam,NE,2021-12-15 18:28:42,14.3188,2.0866,79.63,10,83,10.8
484,Mayumba,GA,2021-12-15 18:28:43,-3.432,10.6554,79.05,88,87,3.47
485,San Borja,BO,2021-12-15 18:28:44,-14.8167,-66.85,84.15,78,82,3.58
486,Maniitsoq,GL,2021-12-15 18:28:45,65.4167,-52.9,22.51,91,100,1.99
487,Ipixuna,BR,2021-12-15 18:28:45,-1.7625,-48.8043,76.95,74,99,5.37
488,Victoria Point,AU,2021-12-15 18:28:46,-27.5833,153.3,68.95,93,8,3.96
489,San Vicente,AR,2021-12-15 18:28:46,-26.6167,-54.1333,87.62,45,60,4.43
490,Santa Vitoria Do Palmar,BR,2021-12-15 18:28:46,-33.5189,-53.3681,71.42,74,94,9.06
491,La Tuque,CA,2021-12-15 18:28:47,47.4334,-72.7824,16.05,79,100,0.0
492,Santa Maria,BR,2021-12-15 18:28:47,-29.6842,-53.8069,74.5,83,90,2.3
493,Vera Cruz,BR,2021-12-15 18:24:36,-12.6333,-41.0333,80.4,62,100,1.77
494,Altay,CN,2021-12-15 18:28:48,47.8667,88.1167,-2.33,64,28,6.35
495,Wanning,CN,2021-12-15 18:28:49,18.8003,110.3967,73.33,87,95,5.73
496,Narsaq,GL,2021-12-15 18:28:49,60.9167,-46.05,26.82,79,100,6.53
497,Westport,US,2021-12-15 18:26:56,41.1415,-73.3579,54.25,66,1,1.01
498,Meulaboh,ID,2021-12-15 18:28:51,4.1363,96.1285,77.61,88,79,3.91
499,The Valley,AI,2021-12-15 18:28:51,18.217,-63.0578,84.06,74,20,16.11
500,Mount Isa,AU,2021-12-15 18:28:51,-20.7333,139.5,80.37,61,56,1.14
501,Pochutla,MX,2021-12-15 18:28:52,15.7432,-96.4661,89.82,35,4,7.83
502,Gold Coast,AU,2021-12-15 18:28:52,-28.0,153.4333,67.15,91,24,1.01
503,Wad Madani,SD,2021-12-15 18:28:53,14.4012,33.5199,81.77,23,7,11.21
504,Aguada De Pasajeros,CU,2021-12-15 18:28:53,22.385,-80.8508,82.54,41,6,15.12
505,Necochea,AR,2021-12-15 18:28:54,-38.5473,-58.7368,74.03,51,81,16.2
506,Batticaloa,LK,2021-12-15 18:28:54,7.7102,81.6924,77.97,81,100,3.27
507,Nathdwara,IN,2021-12-15 18:28:55,24.9333,73.8167,59.45,53,0,4.47
508,Rocha,UY,2021-12-15 18:28:55,-34.4833,-54.3333,76.41,64,97,7.45
509,Alyangula,AU,2021-12-15 18:28:56,-13.8483,136.4192,84.07,79,8,5.75
510,Srednekolymsk,RU,2021-12-15 18:28:57,67.45,153.6833,-24.34,99,98,4.43
511,Benguela,AO,2021-12-15 18:28:57,-12.5763,13.4055,78.55,78,55,7.09
512,Puerto Del Rosario,ES,2021-12-15 18:28:57,28.5004,-13.8627,65.95,52,40,0.0
513,Sosnovka,RU,2021-12-15 18:28:58,56.255,51.2842,23.0,96,98,6.78
514,Chabahar,IR,2021-12-15 18:28:58,25.2919,60.643,72.21,54,2,6.38
515,Paris,FR,2021-12-15 18:28:59,48.8534,2.3488,48.9,90,90,1.01
516,Atar,MR,2021-12-15 18:29:00,20.5169,-13.0499,82.45,20,0,0.0
517,Kodama,JP,2021-12-15 18:29:00,36.1833,139.1333,44.58,57,0,4.0
518,Koygorodok,RU,2021-12-15 18:29:01,60.445,50.9968,16.52,96,100,5.19
519,Portland,US,2021-12-15 18:24:27,45.5234,-122.6762,40.53,93,90,3.0
520,Sorong,ID,2021-12-15 18:29:02,-0.8833,131.25,78.87,87,97,7.72
521,Sangueya,GN,2021-12-15 18:29:02,10.7,-14.3667,84.02,57,89,8.99
522,Esperance,AU,2021-12-15 18:29:03,-33.8667,121.9,57.04,86,1,10.96
523,Sharjah,AE,2021-12-15 18:29:03,25.3573,55.4033,75.18,61,0,2.3
524,Ulaangom,MN,2021-12-15 18:29:03,49.9811,92.0667,-10.12,77,73,5.46
525,Ust-Kuyga,RU,2021-12-15 18:29:04,70.0167,135.6,-25.13,95,99,3.62
526,Devils Lake,US,2021-12-15 18:29:05,48.1128,-98.8651,24.91,93,90,11.99
527,Pskov,RU,2021-12-15 18:29:05,57.8136,28.3496,35.51,93,90,11.18
528,Aasiaat,GL,2021-12-15 18:29:06,68.7098,-52.8699,4.6,99,100,3.33
529,Waipawa,NZ,2021-12-15 18:29:07,-41.4122,175.5153,56.44,93,63,1.77
530,Cayenne,GF,2021-12-15 18:29:07,4.9333,-52.3333,80.64,88,75,3.44
531,Altamira,BR,2021-12-15 18:29:07,-3.2033,-52.2064,84.29,74,75,8.05
532,Urambo,TZ,2021-12-15 18:29:08,-5.0667,32.05,68.4,79,98,3.83
533,Jurm,AF,2021-12-15 18:29:08,36.8648,70.8342,21.47,71,59,2.37
534,Skibbereen,IE,2021-12-15 18:29:09,51.55,-9.2667,51.6,97,24,7.4
535,Pangnirtung,CA,2021-12-15 18:29:10,66.1451,-65.7125,-21.96,92,27,4.52
536,Itaituba,BR,2021-12-15 18:27:33,-4.2761,-55.9836,87.96,66,40,4.61
537,Berlevag,NO,2021-12-15 18:29:11,70.8578,29.0864,28.2,81,96,12.24
538,Grindavik,IS,2021-12-15 18:29:11,63.8424,-22.4338,41.47,75,75,25.32
539,Willowmore,ZA,2021-12-15 18:29:12,-33.2926,23.4895,56.53,76,64,16.53
540,Dera Bugti,PK,2021-12-15 18:29:12,29.0307,69.151,50.81,18,0,7.05
541,Waqqas,JO,2021-12-15 18:29:12,32.5427,35.6053,61.32,71,27,2.26
542,Pierre,US,2021-12-15 18:29:13,44.3683,-100.351,47.32,62,1,1.01
543,Nuqui,CO,2021-12-15 18:29:15,5.7125,-77.2708,80.46,83,86,9.37
544,Chaoyang,CN,2021-12-15 18:29:15,41.5703,120.4586,28.15,52,4,5.12
545,Sorgun,TR,2021-12-15 18:29:17,39.8101,35.186,40.98,89,74,3.29
546,Touros,BR,2021-12-15 18:29:19,-5.1989,-35.4608,86.9,62,97,15.08
547,Teya,RU,2021-12-15 18:29:20,60.3778,92.6267,-2.92,91,100,9.01
548,Nyurba,RU,2021-12-15 18:29:20,63.2842,118.3319,-15.52,89,99,9.62
549,Talcahuano,CL,2021-12-15 18:29:21,-36.7167,-73.1167,61.07,70,16,11.36
550,Culfa,AZ,2021-12-15 18:29:22,38.9558,45.6308,30.07,41,0,1.68
551,Altea,ES,2021-12-15 18:29:22,38.5989,-0.0514,57.67,81,83,9.91
552,Xai-Xai,MZ,2021-12-15 18:29:23,-25.0519,33.6442,80.4,70,23,7.31
553,Chulman,RU,2021-12-15 18:29:24,56.8479,124.9104,-39.06,100,100,1.41
554,Aykhal,RU,2021-12-15 18:29:25,66.0,111.5,-20.22,99,58,9.37
555,Torres Novas,PT,2021-12-15 18:26:39,39.4811,-8.5395,57.33,54,34,5.32
556,Sestri Levante,IT,2021-12-15 18:29:27,44.2732,9.3968,52.81,81,70,5.01
557,Nuuk,GL,2021-12-15 18:29:29,64.1835,-51.7216,27.21,86,75,5.75
558,Alvand,IR,2021-12-15 18:29:29,36.3187,49.1678,33.89,64,92,6.17
559,Kidal,ML,2021-12-15 18:29:29,18.4411,1.4078,77.23,22,100,13.58
560,San Jose,US,2021-12-15 18:28:16,37.3394,-121.895,53.49,72,20,4.0
561,Panzhihua,CN,2021-12-15 18:29:30,26.5851,101.7128,49.62,73,1,1.03
562,Medicine Hat,CA,2021-12-15 18:25:54,50.0501,-110.6683,5.72,67,20,1.99
563,Gorin,RU,2021-12-15 18:29:31,51.1983,136.6669,-7.15,70,6,9.46
564,Cassilandia,BR,2021-12-15 18:29:31,-19.1133,-51.7342,76.75,87,100,3.0
565,Ambilobe,MG,2021-12-15 18:29:31,-13.2,49.05,75.69,80,50,3.33
566,Olavarria,AR,2021-12-15 18:29:32,-36.8927,-60.3225,74.01,59,28,1.28
567,Saint-Pierre,RE,2021-12-15 18:29:32,-21.3393,55.4781,76.68,76,20,11.5
568,Mushie,CD,2021-12-15 18:29:33,-3.0167,16.9,76.17,87,73,2.26
569,Taoudenni,ML,2021-12-15 18:29:33,22.6783,-3.9836,77.16,20,0,5.37
570,Kutum,SD,2021-12-15 18:29:34,14.2,24.6667,70.86,30,53,9.42
571,Helena,US,2021-12-15 18:29:34,46.5927,-112.0361,27.59,51,1,11.01
572,Moose Jaw,CA,2021-12-15 18:26:38,50.4001,-105.5344,6.3,72,75,23.02
573,Manono,CD,2021-12-15 18:29:35,-7.3,27.4167,72.82,89,100,2.51
574,Whitehorse,CA,2021-12-15 18:29:36,60.7161,-135.0538,-12.23,77,75,5.75
575,Vestmanna,FO,2021-12-15 18:29:36,62.1564,-7.1664,43.72,65,75,24.16
576,Sikar,IN,2021-12-15 18:29:37,27.6167,75.15,55.53,35,0,7.43
577,Pandan,PH,2021-12-15 18:29:37,14.0453,124.1694,78.66,88,100,19.69
578,Bocas Del Toro,PA,2021-12-15 18:29:39,9.3333,-82.25,80.89,71,27,7.18
