City_ID,City,Country,Date,Lat,Lng,Max Temp,Humidity,Cloudiness,Wind Speed,Current Description
0,Rikitea,PF,2021-12-15 18:44:12,-23.1203,-134.9692,77.07,74,100,8.72,light rain
1,Albany,US,2021-12-15 18:44:07,42.6001,-73.9662,46.62,50,100,1.99,overcast clouds
2,Riyadh,SA,2021-12-15 18:46:58,24.6877,46.7219,60.94,31,100,9.24,overcast clouds
3,Souillac,MU,2021-12-15 18:43:48,-20.5167,57.5167,76.35,88,40,4.61,scattered clouds
4,Hobart,AU,2021-12-15 18:43:07,-42.8794,147.3294,55.26,77,90,1.99,overcast clouds
5,Kapaa,US,2021-12-15 18:42:35,22.0752,-159.319,73.72,97,75,9.22,moderate rain
6,Primero De Enero,CU,2021-12-15 18:49:45,21.9469,-78.4283,84.06,72,30,15.26,scattered clouds
7,Airai,TL,2021-12-15 18:45:13,-8.9266,125.4092,60.37,78,28,1.52,scattered clouds
8,Ngunguru,NZ,2021-12-15 18:49:46,-35.6167,174.5,67.15,81,100,10.76,overcast clouds
9,Nanortalik,GL,2021-12-15 18:47:15,60.1432,-45.2371,28.17,73,100,9.17,overcast clouds
10,Thompson,CA,2021-12-15 18:44:51,55.7435,-97.8558,10.56,85,90,6.91,snow
11,Cape Town,ZA,2021-12-15 18:38:51,-33.9258,18.4232,61.21,71,75,24.16,light rain
12,Bud,US,2021-12-15 18:49:47,39.447,-86.1758,63.03,65,100,17.25,overcast clouds
13,Pereyaslovskaya,RU,2021-12-15 18:49:48,45.8412,39.0238,41.5,88,73,7.49,broken clouds
14,Kungurtug,RU,2021-12-15 18:49:49,50.5994,97.5228,-18.17,97,79,1.39,broken clouds
15,Tiksi,RU,2021-12-15 18:43:57,71.6872,128.8694,-17.37,99,100,0.96,overcast clouds
16,Hokitika,NZ,2021-12-15 18:49:50,-42.7167,170.9667,61.41,67,58,1.07,broken clouds
17,Ocampo,MX,2021-12-15 18:49:51,21.65,-101.5,70.95,25,0,6.26,clear sky
18,Tuatapere,NZ,2021-12-15 18:47:54,-46.1333,167.6833,53.82,85,100,3.15,overcast clouds
19,Faanui,PF,2021-12-15 18:46:09,-16.4833,-151.75,81.03,76,16,14.16,few clouds
20,Kieta,PG,2021-12-15 18:44:53,-6.2167,155.6333,80.35,86,100,9.51,light rain
21,Telimele,GN,2021-12-15 18:49:52,10.9167,-13.3333,79.88,40,100,3.02,overcast clouds
22,Martinsburg,US,2021-12-15 18:45:19,39.4562,-77.9639,57.67,65,1,8.05,clear sky
23,Dikson,RU,2021-12-15 18:42:38,73.5069,80.5464,-21.1,100,100,4.92,overcast clouds
24,Danielskuil,ZA,2021-12-15 18:46:52,-28.1887,23.5395,71.73,26,1,16.08,clear sky
25,Havoysund,NO,2021-12-15 18:49:53,70.9963,24.6622,31.08,90,100,7.0,light snow
26,The Valley,AI,2021-12-15 18:49:54,18.217,-63.0578,84.06,74,20,16.11,few clouds
27,San Quintin,MX,2021-12-15 18:43:26,30.4833,-115.95,54.45,45,0,15.46,clear sky
28,Sao Joao Da Barra,BR,2021-12-15 18:49:54,-21.6403,-41.0511,84.29,87,95,19.93,overcast clouds
29,Bethel,US,2021-12-15 18:40:42,41.3712,-73.414,51.04,58,1,4.0,clear sky
30,Srednekolymsk,RU,2021-12-15 18:42:57,67.45,153.6833,-26.1,99,93,4.81,overcast clouds
31,New Norfolk,AU,2021-12-15 18:44:40,-42.7826,147.0587,53.65,65,15,3.13,few clouds
32,Chuy,UY,2021-12-15 18:45:11,-33.6971,-53.4616,72.37,71,91,8.1,overcast clouds
33,Iqaluit,CA,2021-12-15 18:42:20,63.7506,-68.5145,-7.31,76,75,11.01,broken clouds
34,Mount Gambier,AU,2021-12-15 18:44:42,-37.8333,140.7667,46.31,87,90,3.44,overcast clouds
35,Tallahassee,US,2021-12-15 18:46:20,30.4383,-84.2807,77.68,63,20,15.66,few clouds
36,Okitipupa,NG,2021-12-15 18:49:57,6.5047,4.7839,80.67,80,88,3.47,overcast clouds
37,Tuktoyaktuk,CA,2021-12-15 18:43:20,69.4541,-133.0374,-20.2,76,20,8.05,few clouds
38,Severo-Kurilsk,RU,2021-12-15 18:42:43,50.6789,156.125,26.31,65,90,16.11,overcast clouds
39,Pasighat,IN,2021-12-15 18:49:58,28.0667,95.3333,58.66,54,81,3.18,broken clouds
40,Metkovic,HR,2021-12-15 18:49:58,43.0542,17.6483,50.47,77,100,7.38,overcast clouds
41,Upernavik,GL,2021-12-15 18:47:12,72.7868,-56.1549,6.53,94,100,3.67,light snow
42,Barrow,US,2021-12-15 18:40:57,71.2906,-156.7887,-25.58,75,40,6.91,scattered clouds
43,Hazorasp,UZ,2021-12-15 18:49:59,41.3194,61.0742,33.64,76,0,9.17,clear sky
44,Narsaq,GL,2021-12-15 18:45:16,60.9167,-46.05,26.82,76,100,7.56,overcast clouds
45,Hamilton,US,2021-12-15 18:40:56,39.1834,-84.5333,63.99,36,90,1.01,overcast clouds
46,San Patricio,US,2021-12-15 18:47:58,28.017,-97.5169,84.29,63,76,21.32,broken clouds
47,Vacaria,BR,2021-12-15 18:50:01,-28.5122,-50.9339,73.45,85,57,5.41,broken clouds
48,Kaitangata,NZ,2021-12-15 18:45:43,-46.2817,169.8464,56.93,80,100,6.91,overcast clouds
49,Samarai,PG,2021-12-15 18:47:19,-10.6167,150.6667,79.12,81,100,1.61,overcast clouds
50,Vaini,TO,2021-12-15 18:42:48,-21.2,-175.2,77.16,94,40,6.91,scattered clouds
51,Conde,BR,2021-12-15 18:50:03,-7.2597,-34.9075,87.26,62,40,12.66,scattered clouds
52,Namestovo,SK,2021-12-15 18:50:03,49.4079,19.4803,39.18,99,100,1.45,overcast clouds
53,Nikolskoye,RU,2021-12-15 18:42:58,59.7035,30.7861,36.88,99,100,11.25,light snow
54,Havre-Saint-Pierre,CA,2021-12-15 18:46:11,50.2334,-63.5986,23.59,42,1,17.27,clear sky
55,Ostrovnoy,RU,2021-12-15 18:43:39,68.0531,39.5131,30.34,92,100,21.34,overcast clouds
56,Mataura,NZ,2021-12-15 18:43:21,-46.1927,168.8643,53.47,87,100,4.85,overcast clouds
57,Tete,MZ,2021-12-15 18:50:05,-16.1564,33.5867,86.09,48,40,5.75,light rain
58,Berlevag,NO,2021-12-15 18:50:05,70.8578,29.0864,29.35,81,99,10.58,overcast clouds
59,Adrar,MR,2021-12-15 18:44:33,20.5022,-10.0711,72.77,26,0,4.27,clear sky
60,Codrington,AU,2021-12-15 18:46:31,-38.2667,141.9667,57.72,77,95,6.51,overcast clouds
61,Severomuysk,RU,2021-12-15 18:50:06,56.1481,113.4267,-29.47,97,97,6.49,overcast clouds
62,Hilo,US,2021-12-15 18:39:19,19.7297,-155.09,77.61,56,75,10.36,light rain
63,Hermanus,ZA,2021-12-15 18:42:39,-34.4187,19.2345,60.91,66,100,15.95,light rain
64,Chokurdakh,RU,2021-12-15 18:44:31,70.6333,147.9167,-24.0,98,100,6.02,overcast clouds
65,Atuona,PF,2021-12-15 18:43:13,-9.8,-139.0333,77.68,77,30,16.71,light rain
66,Cochabamba,BO,2021-12-15 18:48:53,-17.3895,-66.1568,76.75,31,75,5.75,broken clouds
67,Fortuna,US,2021-12-15 18:46:54,40.5982,-124.1573,47.08,91,20,3.0,moderate rain
68,Puerto Ayora,EC,2021-12-15 18:43:40,-0.7393,-90.3518,78.76,82,100,7.0,overcast clouds
69,Yellowknife,CA,2021-12-15 18:40:01,62.456,-114.3525,-7.08,84,90,5.75,light snow
70,Manaure,CO,2021-12-15 18:50:07,11.7751,-72.4445,84.31,60,81,15.08,broken clouds
71,Ushuaia,AR,2021-12-15 18:40:32,-54.8,-68.3,53.26,66,75,28.77,broken clouds
72,Tabuk,PH,2021-12-15 18:50:08,17.4189,121.4443,67.33,93,100,0.2,overcast clouds
73,Busselton,AU,2021-12-15 18:42:51,-33.65,115.3333,54.09,87,60,9.64,broken clouds
74,Saint-Philippe,RE,2021-12-15 18:44:03,-21.3585,55.7679,76.59,80,26,12.06,light rain
75,Bubaque,GW,2021-12-15 18:50:10,11.2833,-15.8333,81.91,64,100,11.99,overcast clouds
76,Norman Wells,CA,2021-12-15 18:45:37,65.282,-126.8329,-20.16,69,90,18.41,light snow
77,Port Elizabeth,ZA,2021-12-15 18:44:56,-33.918,25.5701,66.09,77,0,19.57,clear sky
78,Salamiyah,SY,2021-12-15 18:43:22,35.0113,37.0532,55.08,68,23,3.04,few clouds
79,Gat,IL,2021-12-15 18:50:12,31.61,34.7642,56.8,56,0,5.03,clear sky
80,Amreli,IN,2021-12-15 18:50:13,21.6167,71.2333,65.52,33,6,8.7,clear sky
81,Yorosso,ML,2021-12-15 18:50:14,12.3536,-4.7761,81.12,13,92,9.04,overcast clouds
82,Cidreira,BR,2021-12-15 18:42:29,-30.1811,-50.2056,73.99,89,94,12.95,overcast clouds
83,Kodiak,US,2021-12-15 18:42:42,57.79,-152.4072,13.51,79,1,4.61,clear sky
84,Punta Arenas,CL,2021-12-15 18:38:16,-53.15,-70.9167,59.02,67,0,20.71,clear sky
85,Tabas,IR,2021-12-15 18:50:15,33.5959,56.9244,45.88,23,100,2.3,overcast clouds
86,Ribeira Brava,PT,2021-12-15 18:50:15,32.65,-17.0667,63.72,69,34,8.46,scattered clouds
87,Santa Lucia,ES,2021-12-15 18:50:16,27.9117,-15.5407,56.77,68,20,11.5,few clouds
88,Simbahan,PH,2021-12-15 18:50:16,6.3032,120.5836,82.4,80,100,20.67,overcast clouds
89,Hede,CN,2021-12-15 18:50:17,33.7681,120.2517,48.67,88,100,2.93,light rain
90,Venado Tuerto,AR,2021-12-15 18:47:16,-33.7456,-61.9688,88.47,22,0,9.57,clear sky
91,Pangnirtung,CA,2021-12-15 18:47:37,66.1451,-65.7125,-22.02,92,29,4.85,scattered clouds
92,Petalcingo,MX,2021-12-15 18:50:17,17.2833,-92.45,67.14,61,78,2.89,broken clouds
93,San Policarpo,PH,2021-12-15 18:50:18,12.1791,125.5072,80.46,88,100,19.13,overcast clouds
94,Tasiilaq,GL,2021-12-15 18:43:21,65.6145,-37.6368,28.56,76,100,3.83,overcast clouds
95,Moerai,PF,2021-12-15 18:50:19,-22.4333,-151.3333,78.53,78,97,14.94,overcast clouds
96,Butaritari,KI,2021-12-15 18:42:54,3.0707,172.7902,81.64,76,95,9.15,overcast clouds
97,Praia Da Vitoria,PT,2021-12-15 18:49:22,38.7333,-27.0667,60.76,94,75,14.72,broken clouds
98,Marsa Matruh,EG,2021-12-15 18:50:21,31.3525,27.2453,57.4,77,75,13.8,broken clouds
99,Khatanga,RU,2021-12-15 18:44:14,71.9667,102.5,-7.96,92,100,10.92,overcast clouds
100,Changde,CN,2021-12-15 18:50:23,29.0464,111.6783,50.76,88,100,5.99,overcast clouds
101,Arraial Do Cabo,BR,2021-12-15 18:41:12,-22.9661,-42.0278,82.36,78,75,16.11,broken clouds
102,Carnarvon,AU,2021-12-15 18:44:09,-24.8667,113.6333,69.87,78,90,16.11,overcast clouds
103,Ponta Do Sol,PT,2021-12-15 18:45:17,32.6667,-17.1,63.72,68,31,7.0,scattered clouds
104,Avarua,CK,2021-12-15 18:42:50,-21.2078,-159.775,80.65,83,40,12.66,scattered clouds
105,Aksu,CN,2021-12-15 18:45:01,41.1231,80.2644,24.58,49,0,3.4,clear sky
106,Silver City,US,2021-12-15 18:47:46,32.7701,-108.2803,49.96,65,1,18.99,clear sky
107,Talnakh,RU,2021-12-15 18:44:29,69.4865,88.3972,-13.9,100,100,0.22,overcast clouds
108,Kokopo,PG,2021-12-15 18:50:27,-4.352,152.2633,78.58,81,100,6.04,overcast clouds
109,Sao Jose Da Coroa Grande,BR,2021-12-15 18:42:27,-8.8978,-35.1478,81.97,71,46,10.87,scattered clouds
110,Bobo Dioulasso,BF,2021-12-15 18:50:29,11.1771,-4.2979,86.45,30,99,0.0,overcast clouds
111,Port Alfred,ZA,2021-12-15 18:43:23,-33.5906,26.891,65.73,78,99,19.57,light rain
112,Kikwit,CD,2021-12-15 18:50:30,-5.041,18.8162,72.75,92,100,1.21,overcast clouds
113,Bluff,NZ,2021-12-15 18:42:37,-46.6,168.3333,53.8,82,100,17.54,light rain
114,Friockheim,GB,2021-12-15 18:50:31,56.6378,-2.6636,50.23,92,100,6.13,overcast clouds
115,Noumea,NC,2021-12-15 18:49:43,-22.2763,166.4572,78.01,99,63,1.14,broken clouds
116,Georgetown,MY,2021-12-15 18:40:51,5.4112,100.3354,81.9,79,20,3.0,few clouds
117,Qaanaaq,GL,2021-12-15 18:44:52,77.484,-69.3632,-3.96,69,0,3.8,clear sky
118,Anchorage,US,2021-12-15 18:44:22,61.2181,-149.9003,1.67,83,40,0.0,fog
119,Pevek,RU,2021-12-15 18:46:15,69.7008,170.3133,-23.21,91,49,1.99,scattered clouds
120,Mahebourg,MU,2021-12-15 18:45:24,-20.4081,57.7,76.24,88,40,4.61,light rain
121,Markova,UA,2021-12-15 18:50:33,48.6758,24.4138,31.59,99,100,4.27,overcast clouds
122,Hambantota,LK,2021-12-15 18:50:34,6.1241,81.1185,75.54,100,40,2.3,scattered clouds
123,Omsukchan,RU,2021-12-15 18:47:42,62.5333,155.8,-19.25,97,100,3.96,overcast clouds
124,Filingue,NE,2021-12-15 18:50:35,14.3521,3.3168,78.69,11,100,10.63,overcast clouds
125,Yamada,JP,2021-12-15 18:50:36,39.4667,141.95,37.22,71,2,5.17,clear sky
126,Takoradi,GH,2021-12-15 18:49:37,4.8845,-1.7554,81.25,80,84,10.92,broken clouds
127,Sioux Lookout,CA,2021-12-15 18:47:26,50.1001,-91.917,37.78,100,90,8.05,light intensity drizzle
128,Mar Del Plata,AR,2021-12-15 18:43:58,-38.0023,-57.5575,69.82,69,75,8.99,light rain
129,Carutapera,BR,2021-12-15 18:48:18,-1.195,-46.02,81.32,81,100,9.78,overcast clouds
130,Letlhakane,BW,2021-12-15 18:50:38,-21.4167,25.5833,84.61,24,6,3.15,clear sky
131,Encruzilhada,BR,2021-12-15 18:50:39,-15.5314,-40.9094,75.42,87,100,5.59,overcast clouds
132,Tura,IN,2021-12-15 18:45:18,25.5198,90.2201,58.35,73,43,3.04,scattered clouds
133,Raudeberg,NO,2021-12-15 18:50:40,61.9875,5.1352,47.8,90,14,8.99,few clouds
134,Portland,US,2021-12-15 18:40:42,45.5234,-122.6762,40.82,93,90,1.01,light rain
135,Sur,OM,2021-12-15 18:43:45,22.5667,59.5289,71.44,46,42,6.42,scattered clouds
136,Treinta Y Tres,UY,2021-12-15 18:50:42,-33.2333,-54.3833,74.14,67,97,8.34,overcast clouds
137,Dovers,VC,2021-12-15 18:50:43,12.8833,-61.1833,81.99,73,94,21.27,overcast clouds
138,Castro,BR,2021-12-15 18:44:20,-24.7911,-50.0119,75.06,81,96,3.8,overcast clouds
139,Guerrero Negro,MX,2021-12-15 18:49:32,27.9769,-114.0611,63.82,59,100,17.27,overcast clouds
140,Komsomolskiy,UZ,2021-12-15 18:50:44,40.4272,71.7189,36.82,80,75,4.61,mist
141,Benghazi,LY,2021-12-15 18:50:45,32.1167,20.0667,59.99,61,45,8.77,scattered clouds
142,Zhangjiakou,CN,2021-12-15 18:50:45,40.81,114.8794,26.67,41,0,13.91,clear sky
143,Shache,CN,2021-12-15 18:50:46,38.4167,77.2406,26.76,44,62,3.69,broken clouds
144,Saskylakh,RU,2021-12-15 18:44:30,71.9167,114.0833,-32.75,100,20,4.45,few clouds
145,Kavieng,PG,2021-12-15 18:49:13,-2.5744,150.7967,83.21,75,100,11.65,overcast clouds
146,Phon,TH,2021-12-15 18:50:47,15.816,102.5998,75.97,62,49,4.61,scattered clouds
147,East London,ZA,2021-12-15 18:44:22,-33.0153,27.9116,68.94,88,75,21.85,light rain
148,Smithers,CA,2021-12-15 18:50:48,54.7804,-127.1743,8.92,85,40,0.0,scattered clouds
149,Fredericton,CA,2021-12-15 18:49:34,45.9454,-66.6656,27.64,44,1,3.0,clear sky
150,High Level,CA,2021-12-15 18:50:50,58.5169,-117.136,-16.49,83,90,4.61,mist
151,Lakselv,NO,2021-12-15 18:50:50,70.0513,24.9718,26.42,80,0,12.66,light snow
152,Abeokuta,NG,2021-12-15 18:50:51,7.15,3.35,83.75,53,70,5.37,broken clouds
153,Namatanai,PG,2021-12-15 18:44:21,-3.6667,152.4333,80.24,82,100,6.06,light rain
154,College,US,2021-12-15 18:45:09,64.8569,-147.8028,-26.41,71,40,0.0,haze
155,Lebu,CL,2021-12-15 18:43:44,-37.6167,-73.65,62.29,61,5,12.93,clear sky
156,Ghioroiu,RO,2021-12-15 18:50:53,44.7,23.8333,36.63,80,8,3.2,clear sky
157,Saint-Augustin,CA,2021-12-15 18:50:54,51.226,-58.6502,12.34,60,1,22.48,clear sky
158,Koszalin,PL,2021-12-15 18:50:54,54.1944,16.1722,48.67,88,100,13.82,overcast clouds
159,Nishihara,JP,2021-12-15 18:46:12,26.1842,127.7558,67.28,73,20,6.91,few clouds
160,Togitsu,JP,2021-12-15 18:50:55,32.8333,129.85,50.99,81,100,9.51,overcast clouds
161,Puerto Lleras,CO,2021-12-15 18:50:57,3.0223,-73.4044,85.91,58,100,5.46,overcast clouds
162,Ribeira Grande,PT,2021-12-15 18:48:03,38.5167,-28.7,63.0,82,75,18.41,broken clouds
163,Morris,US,2021-12-15 18:46:39,40.8334,-74.5329,53.42,65,40,3.0,scattered clouds
164,Provideniya,RU,2021-12-15 18:43:36,64.3833,-173.3,1.08,97,100,24.16,snow
165,Cherskiy,RU,2021-12-15 18:43:05,68.75,161.3,-24.92,77,18,4.21,few clouds
166,Dingle,PH,2021-12-15 18:42:44,10.9995,122.6711,74.41,94,100,9.28,overcast clouds
167,Rafsanjan,IR,2021-12-15 18:51:01,30.4067,55.9939,49.84,24,100,2.86,overcast clouds
168,Pangody,RU,2021-12-15 18:51:01,65.85,74.4859,-16.24,90,23,7.49,few clouds
169,Xuddur,SO,2021-12-15 18:51:02,4.1213,43.8894,78.93,42,51,9.89,broken clouds
170,Goderich,CA,2021-12-15 18:48:19,43.7501,-81.7165,47.91,81,100,14.97,overcast clouds
171,Loukhi,RU,2021-12-15 18:51:03,66.0764,33.0381,29.79,94,100,8.9,overcast clouds
172,Mnogovershinnyy,RU,2021-12-15 18:51:04,53.9353,139.9242,-8.66,91,95,16.15,overcast clouds
173,Robertsonpet,IN,2021-12-15 18:51:05,12.9667,78.2833,66.92,97,89,5.28,overcast clouds
174,Camacha,PT,2021-12-15 18:44:52,33.0833,-16.3333,59.76,77,20,20.71,few clouds
175,Lixourion,GR,2021-12-15 18:51:06,38.2019,20.4314,52.48,67,6,2.19,clear sky
176,Leshukonskoye,RU,2021-12-15 18:51:09,64.8989,45.7622,23.99,96,100,7.65,light snow
177,Lompoc,US,2021-12-15 18:45:54,34.6391,-120.4579,58.12,73,1,0.0,clear sky
178,Half Moon Bay,US,2021-12-15 18:48:04,37.4636,-122.4286,54.14,76,75,4.0,broken clouds
179,Mount Isa,AU,2021-12-15 18:44:04,-20.7333,139.5,80.37,61,38,4.61,light rain
180,Ust-Nera,RU,2021-12-15 18:47:09,64.5667,143.2,-23.04,99,100,4.52,overcast clouds
181,Fare,PF,2021-12-15 18:47:17,-16.7,-151.0167,80.83,77,10,13.69,clear sky
182,Coahuayana,MX,2021-12-15 18:45:30,18.7333,-103.6833,90.54,45,0,4.45,clear sky
183,Ulladulla,AU,2021-12-15 18:51:13,-35.35,150.4667,65.77,93,100,7.18,overcast clouds
184,Gaoua,BF,2021-12-15 18:51:14,10.2992,-3.2508,86.76,17,25,4.76,scattered clouds
185,Ust-Maya,RU,2021-12-15 18:51:14,60.4167,134.5333,-26.46,95,100,3.74,overcast clouds
186,Ornskoldsvik,SE,2021-12-15 18:51:15,63.2909,18.7153,34.75,93,0,18.41,clear sky
187,Narovchat,RU,2021-12-15 18:51:16,53.8765,43.6946,27.75,94,91,4.25,overcast clouds
188,Mumbwa,ZM,2021-12-15 18:51:17,-14.9783,27.0619,69.96,63,99,1.95,overcast clouds
189,Trstena,SK,2021-12-15 18:51:17,49.361,19.6125,39.42,99,100,1.99,overcast clouds
190,Grand Gaube,MU,2021-12-15 18:42:58,-20.0064,57.6608,76.37,75,6,7.0,light rain
191,Rawson,AR,2021-12-15 18:48:02,-43.3002,-65.1023,69.33,56,77,16.64,broken clouds
192,Powell,US,2021-12-15 18:51:19,40.1578,-83.0752,60.12,48,90,4.0,overcast clouds
193,Leningradskiy,RU,2021-12-15 18:43:36,69.3833,178.4167,-23.8,99,100,7.05,overcast clouds
194,Tual,ID,2021-12-15 18:51:20,-5.6667,132.75,82.85,77,100,5.82,overcast clouds
195,Brae,GB,2021-12-15 18:42:38,60.3964,-1.353,48.11,74,48,27.81,scattered clouds
196,Moose Factory,CA,2021-12-15 18:51:22,51.2585,-80.6094,31.98,80,90,13.8,snow
197,Bandhi,PK,2021-12-15 18:51:23,26.5861,68.3006,53.47,12,0,6.91,clear sky
198,Port Hardy,CA,2021-12-15 18:44:29,50.6996,-127.4199,44.6,75,90,23.02,overcast clouds
199,Agadez,NE,2021-12-15 18:51:24,19.75,10.25,64.47,17,100,8.34,overcast clouds
200,Clyde River,CA,2021-12-15 18:43:15,70.4692,-68.5914,-18.17,76,20,5.75,few clouds
201,Maniitsoq,GL,2021-12-15 18:48:08,65.4167,-52.9,22.53,91,100,1.36,overcast clouds
202,Kruisfontein,ZA,2021-12-15 18:45:02,-34.0033,24.7314,63.88,81,44,16.93,light rain
203,Faya,SA,2021-12-15 18:51:27,18.3851,42.4509,51.91,50,77,0.98,broken clouds
204,Urumqi,CN,2021-12-15 18:45:34,43.801,87.6005,14.95,93,75,0.0,light snow
205,Wanaka,NZ,2021-12-15 18:51:29,-44.7,169.15,52.11,95,100,1.01,overcast clouds
206,Iskateley,RU,2021-12-15 18:44:56,67.6803,53.1512,22.69,95,100,10.85,overcast clouds
207,Phek,IN,2021-12-15 18:51:30,25.6667,94.5,37.98,97,15,1.19,few clouds
208,Port Lincoln,AU,2021-12-15 18:51:31,-34.7333,135.8667,60.57,81,0,9.98,clear sky
209,Cody,US,2021-12-15 18:51:32,44.5263,-109.0565,26.82,78,90,10.36,light snow
210,Novyy Urengoy,RU,2021-12-15 18:51:32,66.0833,76.6333,-21.1,91,60,7.34,broken clouds
211,Chiscas,CO,2021-12-15 18:51:33,6.5524,-72.4998,66.04,79,92,3.69,overcast clouds
212,Vila Vicosa,PT,2021-12-15 18:51:34,38.7777,-7.4179,47.68,52,7,5.12,clear sky
213,Lagoa,PT,2021-12-15 18:42:54,39.05,-27.9833,62.55,76,100,18.52,overcast clouds
214,Atasu,KZ,2021-12-15 18:48:11,48.6814,71.6433,10.33,82,100,8.12,overcast clouds
215,Yokadouma,CM,2021-12-15 18:51:36,3.5167,15.05,77.27,61,100,2.73,overcast clouds
216,Kavali,IN,2021-12-15 18:51:37,14.9167,79.9833,74.05,75,96,5.19,overcast clouds
217,Talcahuano,CL,2021-12-15 18:51:37,-36.7167,-73.1167,61.12,69,100,10.65,overcast clouds
218,Hovd,MN,2021-12-15 18:45:19,48.0056,91.6419,-3.62,67,1,5.53,clear sky
219,Saldanha,ZA,2021-12-15 18:47:30,-33.0117,17.9442,61.18,74,0,22.86,clear sky
220,Felipe Carrillo Puerto,MX,2021-12-15 18:51:39,19.5833,-88.05,84.97,53,100,7.27,overcast clouds
221,Torbay,CA,2021-12-15 18:42:59,47.6666,-52.7314,25.57,84,90,33.38,light shower snow
222,Waingapu,ID,2021-12-15 18:51:40,-9.6567,120.2641,79.56,83,43,2.53,scattered clouds
223,Yerbogachen,RU,2021-12-15 18:46:20,61.2767,108.0108,-12.82,90,100,11.1,overcast clouds
224,Ayan,RU,2021-12-15 18:51:41,56.45,138.1667,-13.04,71,94,19.13,overcast clouds
225,Okoneshnikovo,RU,2021-12-15 18:51:42,54.8377,75.0834,17.65,94,100,12.08,light snow
226,Karaj,IR,2021-12-15 18:51:43,35.8355,51.0103,37.92,60,40,4.61,haze
227,Bridlington,GB,2021-12-15 18:51:44,54.0831,-0.1919,51.28,90,8,12.8,clear sky
228,Sitka,US,2021-12-15 18:47:24,57.0531,-135.33,22.89,86,1,3.44,clear sky
229,Muros,ES,2021-12-15 18:42:50,42.7762,-9.0603,59.5,90,0,1.97,clear sky
230,Sorong,ID,2021-12-15 18:51:45,-0.8833,131.25,78.49,88,100,7.83,overcast clouds
231,Victoria,HK,2021-12-15 18:40:20,22.2855,114.1577,72.32,90,100,1.01,overcast clouds
232,Lormi,IN,2021-12-15 18:51:46,22.2833,81.7333,58.77,55,100,4.65,overcast clouds
233,Kuusamo,FI,2021-12-15 18:51:46,65.9667,29.1833,30.24,93,90,5.75,light snow
234,Kushiro,JP,2021-12-15 18:51:47,42.975,144.3747,34.75,54,0,22.19,clear sky
235,Merauke,ID,2021-12-15 18:51:48,-8.4667,140.3333,77.27,86,31,6.67,scattered clouds
236,Namibe,AO,2021-12-15 18:44:12,-15.1961,12.1522,69.71,75,26,4.83,scattered clouds
237,Den Helder,NL,2021-12-15 18:51:50,52.9599,4.7593,51.94,93,0,11.99,clear sky
238,Jiwani,PK,2021-12-15 18:51:51,25.05,61.7417,71.64,36,0,7.58,clear sky
239,Menongue,AO,2021-12-15 18:51:52,-14.6585,17.691,66.51,80,75,4.21,light rain
240,Avera,US,2021-12-15 18:47:27,33.194,-82.5271,65.44,42,71,7.72,broken clouds
241,Auki,SB,2021-12-15 18:51:54,-8.7676,160.7034,76.26,97,100,6.2,overcast clouds
242,Falmouth,GB,2021-12-15 18:51:55,50.1544,-5.0711,51.85,88,19,4.38,few clouds
243,Sao Felix Do Xingu,BR,2021-12-15 18:49:50,-6.6447,-51.995,87.51,63,100,2.57,light rain
244,San Cristobal,VE,2021-12-15 18:51:56,7.7669,-72.225,75.38,82,100,1.41,overcast clouds
245,Saint-Joseph,RE,2021-12-15 18:51:57,-21.3667,55.6167,75.58,77,12,12.01,light rain
246,Hirara,JP,2021-12-15 18:51:58,24.8,125.2833,72.84,69,4,17.9,clear sky
247,Igbo Ora,NG,2021-12-15 18:51:58,7.4333,3.2833,88.48,36,51,3.11,broken clouds
248,Vao,NC,2021-12-15 18:45:41,-22.6667,167.4833,75.24,68,17,8.75,few clouds
249,Yulara,AU,2021-12-15 18:43:04,-25.2406,130.9889,69.64,68,0,4.61,clear sky
250,Maroantsetra,MG,2021-12-15 18:51:59,-15.4333,49.7333,75.67,85,15,5.19,light rain
251,Olinda,BR,2021-12-15 18:46:07,-8.0089,-34.8553,83.93,70,75,12.66,broken clouds
252,Baturaja,ID,2021-12-15 18:52:00,-4.1333,104.1667,74.23,97,99,1.59,moderate rain
253,Nouakchott,MR,2021-12-15 18:52:02,18.0858,-15.9785,71.53,62,3,15.59,clear sky
254,Kulhudhuffushi,MV,2021-12-15 18:52:02,6.6221,73.07,81.19,77,100,6.33,overcast clouds
255,Mpika,ZM,2021-12-15 18:52:03,-11.8343,31.4529,72.46,36,71,10.02,broken clouds
256,Guasdualito,VE,2021-12-15 18:52:04,7.2424,-70.7324,86.0,62,40,6.91,scattered clouds
257,Carira,BR,2021-12-15 18:52:05,-10.3608,-37.7011,89.96,35,100,17.87,overcast clouds
258,Lagos,NG,2021-12-15 18:48:01,6.5833,3.75,84.52,78,100,6.64,overcast clouds
259,Inhambane,MZ,2021-12-15 18:52:07,-23.865,35.3833,82.38,83,40,11.99,scattered clouds
260,Tabuleiro Do Norte,BR,2021-12-15 18:52:07,-5.2467,-38.1306,97.75,27,100,9.26,overcast clouds
261,Vila,PT,2021-12-15 18:47:54,42.0304,-8.1588,44.92,69,8,4.41,clear sky
262,Atambua,ID,2021-12-15 18:52:08,-9.1061,124.8925,74.55,85,3,3.42,clear sky
263,Tauramena,CO,2021-12-15 18:52:09,5.0183,-72.7492,85.06,58,99,4.61,overcast clouds
264,Villeneuve-Loubet,FR,2021-12-15 18:52:09,43.6666,7.1204,53.65,84,0,11.5,clear sky
265,Crotone,IT,2021-12-15 18:52:10,39.0851,17.1178,46.49,69,16,16.4,few clouds
266,Port Macquarie,AU,2021-12-15 18:47:13,-31.4333,152.9167,69.76,81,78,4.38,broken clouds
267,Koulikoro,ML,2021-12-15 18:52:10,14.0,-7.75,80.96,15,100,9.35,overcast clouds
268,Ancud,CL,2021-12-15 18:52:11,-41.8697,-73.8203,63.93,67,32,6.15,scattered clouds
269,Pokrovsk,UA,2021-12-15 18:52:11,48.282,37.1758,35.55,92,96,7.61,overcast clouds
270,Haines Junction,CA,2021-12-15 18:52:12,60.7522,-137.5108,-18.45,76,100,1.14,overcast clouds
271,Kuytun,RU,2021-12-15 18:52:14,54.3419,101.5036,-18.94,100,91,3.89,overcast clouds
272,Yanam,IN,2021-12-15 18:44:54,16.7333,82.2167,72.23,68,100,4.18,light rain
273,Saint-Georges,GD,2021-12-15 18:42:19,12.0564,-61.7485,85.68,70,20,25.32,few clouds
274,Ahipara,NZ,2021-12-15 18:52:15,-35.1667,173.1667,66.11,92,40,11.36,scattered clouds
275,Swan Hill,AU,2021-12-15 18:52:16,-35.3378,143.5544,55.72,72,0,7.45,clear sky
276,Bonthe,SL,2021-12-15 18:49:32,7.5264,-12.505,81.18,75,100,8.28,overcast clouds
277,Krasnoselkup,RU,2021-12-15 18:44:42,65.7,82.4667,-12.93,100,99,6.13,overcast clouds
278,Almaznyy,RU,2021-12-15 18:52:18,48.0448,40.045,35.74,96,48,5.57,scattered clouds
279,Flinders,AU,2021-12-15 18:43:11,-34.5833,150.8552,67.21,90,40,4.99,scattered clouds
280,Inverell,AU,2021-12-15 18:52:18,-29.7833,151.1167,67.15,77,100,2.3,overcast clouds
281,San Luis,AR,2021-12-15 18:47:32,-33.295,-66.3356,81.64,37,72,7.47,broken clouds
282,Hithadhoo,MV,2021-12-15 18:43:25,-0.6,73.0833,82.04,71,97,1.59,overcast clouds
283,Tabou,CI,2021-12-15 18:52:19,4.423,-7.3528,80.35,83,75,6.93,broken clouds
284,Saint George,US,2021-12-15 18:39:18,37.1041,-113.5841,44.64,52,1,5.01,clear sky
285,Waterloo,CA,2021-12-15 18:52:20,43.4668,-80.5164,43.48,92,90,13.0,overcast clouds
286,Almeirim,BR,2021-12-15 18:52:21,-1.5233,-52.5817,90.23,52,100,5.03,light rain
287,Hasaki,JP,2021-12-15 18:43:17,35.7333,140.8333,34.2,59,20,5.08,few clouds
288,Okha,RU,2021-12-15 18:52:22,53.5739,142.9478,-2.97,90,46,21.77,scattered clouds
289,Bilibino,RU,2021-12-15 18:52:22,68.0546,166.4372,-6.95,74,100,5.06,overcast clouds
290,Palmeirais,BR,2021-12-15 18:52:23,-5.9778,-43.0633,97.65,30,41,3.51,scattered clouds
291,Mapiri,BO,2021-12-15 18:52:23,-15.25,-68.1667,85.91,58,99,3.33,overcast clouds
292,Bealanana,MG,2021-12-15 18:52:24,-14.55,48.7333,66.54,85,84,2.93,light rain
293,Chumphon,TH,2021-12-15 18:52:24,10.3333,98.8333,66.54,92,100,0.85,overcast clouds
294,Hami,CN,2021-12-15 18:44:45,42.8,93.45,21.42,48,7,8.37,clear sky
295,Mumford,GH,2021-12-15 18:52:25,5.2618,-0.759,80.96,83,98,7.67,light rain
296,Shaowu,CN,2021-12-15 18:52:26,27.3409,117.4831,59.2,98,98,0.74,overcast clouds
297,Bambous Virieux,MU,2021-12-15 18:42:56,-20.3428,57.7575,76.21,88,40,4.61,light rain
298,Olafsvik,IS,2021-12-15 18:52:28,64.8945,-23.7142,42.04,86,29,27.69,scattered clouds
299,Nagaur,IN,2021-12-15 18:52:29,27.2,73.7333,56.55,30,0,7.9,clear sky
300,Nueva Loja,EC,2021-12-15 18:48:56,0.0847,-76.8828,87.82,62,40,3.44,scattered clouds
301,Koshurnikovo,RU,2021-12-15 18:52:29,54.1667,93.3,-17.1,100,72,4.61,broken clouds
302,Bredasdorp,ZA,2021-12-15 18:44:48,-34.5322,20.0403,59.29,62,100,13.98,overcast clouds
303,Jamestown,US,2021-12-15 18:42:52,42.097,-79.2353,45.3,80,100,5.99,overcast clouds
304,Pital,CO,2021-12-15 18:52:31,2.2665,-75.8044,82.15,59,100,4.94,overcast clouds
305,Alekseyevskoye,RU,2021-12-15 18:52:32,55.3071,50.1135,25.48,97,100,6.98,overcast clouds
306,Viedma,AR,2021-12-15 18:46:28,-40.8135,-62.9967,81.93,28,100,15.5,overcast clouds
307,Bilma,NE,2021-12-15 18:46:57,18.6853,12.9164,64.74,20,100,10.85,overcast clouds
308,Mazatlan,MX,2021-12-15 18:50:03,23.2167,-106.4167,79.92,85,44,4.0,scattered clouds
309,Rocha,UY,2021-12-15 18:45:51,-34.4833,-54.3333,74.37,75,94,5.95,overcast clouds
310,Bandrele,YT,2021-12-15 18:52:34,-12.9067,45.1914,80.35,78,0,5.75,clear sky
311,Mandalgovi,MN,2021-12-15 18:45:07,45.7625,106.2708,-1.7,57,100,14.85,overcast clouds
312,Fort Nelson,CA,2021-12-15 18:48:27,58.8053,-122.7002,-26.01,75,90,2.3,overcast clouds
313,Sao Filipe,CV,2021-12-15 18:52:36,14.8961,-24.4956,74.79,70,98,10.42,overcast clouds
314,Havelock,US,2021-12-15 18:52:37,34.8791,-76.9013,69.98,71,93,1.99,overcast clouds
315,Contamana,PE,2021-12-15 18:52:37,-7.3333,-75.0167,88.75,53,100,4.59,overcast clouds
316,Kasongo-Lunda,CD,2021-12-15 18:52:38,-6.4667,16.8167,72.05,92,98,1.43,overcast clouds
317,Laishevo,RU,2021-12-15 18:52:38,55.4046,49.5504,25.02,97,100,6.22,overcast clouds
318,Asosa,ET,2021-12-15 18:52:39,10.0667,34.5333,68.61,30,10,5.99,clear sky
319,Verkhnevilyuysk,RU,2021-12-15 18:52:39,63.4453,120.3167,-16.19,95,100,5.91,overcast clouds
320,Beringovskiy,RU,2021-12-15 18:45:49,63.05,179.3167,17.74,92,100,20.45,light snow
321,Kahului,US,2021-12-15 18:45:37,20.8947,-156.47,76.84,82,20,8.05,few clouds
322,Mendoza,AR,2021-12-15 18:52:41,-32.8908,-68.8272,83.73,39,20,11.5,few clouds
323,Bengkulu,ID,2021-12-15 18:46:15,-3.8004,102.2655,75.45,90,100,3.89,light rain
324,Pacific Grove,US,2021-12-15 18:45:13,36.6177,-121.9166,53.71,74,1,1.99,clear sky
325,Zhezkazgan,KZ,2021-12-15 18:52:44,47.8043,67.7144,13.98,86,100,3.8,overcast clouds
326,Vallenar,CL,2021-12-15 18:52:44,-28.5708,-70.7581,84.58,24,0,11.23,clear sky
327,Springdale,US,2021-12-15 18:52:45,36.1867,-94.1288,73.13,69,75,25.01,broken clouds
328,Honiara,SB,2021-12-15 18:52:45,-9.4333,159.95,77.45,92,100,4.56,overcast clouds
329,Santo Antonio Do Monte,BR,2021-12-15 18:52:46,-20.0872,-45.2936,69.67,89,100,5.7,overcast clouds
330,George Town,MY,2021-12-15 18:51:14,5.4112,100.3354,81.9,79,20,3.0,few clouds
331,Lahaina,US,2021-12-15 18:52:47,20.8783,-156.6825,77.81,79,16,7.14,few clouds
332,Balaipungut,ID,2021-12-15 18:52:48,1.05,101.2833,79.21,99,80,3.36,broken clouds
333,Kutulik,RU,2021-12-15 18:52:48,53.3508,102.7839,-15.57,100,50,2.86,scattered clouds
334,Chifeng,CN,2021-12-15 18:52:49,42.2683,118.9636,26.82,49,3,11.95,clear sky
335,Weatherford,US,2021-12-15 18:52:50,32.7593,-97.7972,77.32,65,70,4.0,broken clouds
336,Sistranda,NO,2021-12-15 18:52:50,63.7256,8.834,42.91,81,100,39.3,overcast clouds
337,Tarut,SA,2021-12-15 18:52:51,26.5733,50.0369,71.58,67,100,7.72,overcast clouds
338,Byron Bay,AU,2021-12-15 18:43:37,-28.65,153.6167,66.06,79,95,3.13,overcast clouds
339,Salinopolis,BR,2021-12-15 18:52:53,-0.6136,-47.3561,82.06,81,100,12.75,overcast clouds
340,Vila Franca Do Campo,PT,2021-12-15 18:52:54,37.7167,-25.4333,62.2,77,99,5.5,overcast clouds
341,Boyolangu,ID,2021-12-15 18:44:59,-8.1181,111.8935,77.04,88,100,2.1,overcast clouds
342,Mirnyy,RU,2021-12-15 18:48:43,62.5353,113.9611,-13.09,87,100,11.23,overcast clouds
343,Meadow Lake,US,2021-12-15 18:47:45,34.8014,-106.5436,49.6,17,1,16.71,clear sky
344,Hargeysa,SO,2021-12-15 18:52:55,9.56,44.065,58.98,93,37,10.16,scattered clouds
345,La Ronge,CA,2021-12-15 18:44:03,55.1001,-105.2842,-0.15,85,75,9.22,light snow
346,Salalah,OM,2021-12-15 18:46:05,17.0151,54.0924,77.09,69,20,8.05,few clouds
347,Zeya,RU,2021-12-15 18:48:24,53.75,127.2667,-17.7,77,8,3.36,clear sky
348,Araouane,ML,2021-12-15 18:47:25,18.9048,-3.5265,79.07,24,100,7.83,overcast clouds
349,Mormugao,IN,2021-12-15 18:52:56,15.4,73.8,78.06,78,20,6.91,few clouds
350,Vardo,NO,2021-12-15 18:47:40,70.3705,31.1107,30.18,86,75,12.66,broken clouds
351,Vanimo,PG,2021-12-15 18:52:58,-2.6741,141.3028,76.86,89,100,4.38,overcast clouds
352,Oriximina,BR,2021-12-15 18:52:59,-1.7656,-55.8661,88.38,57,100,0.34,light rain
353,La Maddalena,IT,2021-12-15 18:53:00,41.2142,9.4083,48.36,76,60,5.64,broken clouds
354,Toora-Khem,RU,2021-12-15 18:53:00,52.4675,96.11,-22.68,99,66,1.52,broken clouds
355,Vestmanna,FO,2021-12-15 18:53:01,62.1564,-7.1664,43.72,70,75,20.71,broken clouds
356,Marfino,RU,2021-12-15 18:53:01,55.7028,37.3822,29.48,92,90,8.95,light snow
357,Alice Springs,AU,2021-12-15 18:45:36,-23.7,133.8833,67.55,64,0,0.0,clear sky
358,Saint-Ambroise,CA,2021-12-15 18:53:03,48.5501,-71.3324,17.42,67,100,4.61,overcast clouds
359,Luoyang,CN,2021-12-15 18:53:04,34.6836,112.4536,43.75,38,86,6.8,overcast clouds
360,Esperance,AU,2021-12-15 18:45:32,-33.8667,121.9,57.04,89,55,10.13,broken clouds
361,Ugoofaaru,MV,2021-12-15 18:45:21,5.6667,73.0,81.0,77,85,10.76,light rain
362,Ewa Beach,US,2021-12-15 18:44:50,21.3156,-158.0072,77.02,78,1,3.44,clear sky
363,Santo Augusto,BR,2021-12-15 18:49:33,-27.8508,-53.7772,87.26,62,100,10.2,overcast clouds
364,Padang,ID,2021-12-15 18:46:26,-0.9492,100.3543,77.59,87,100,3.69,moderate rain
365,Anloga,GH,2021-12-15 18:53:09,5.7947,0.8973,79.02,79,83,11.1,broken clouds
366,Pisco,PE,2021-12-15 18:43:09,-13.7,-76.2167,71.02,78,7,10.36,haze
367,Joensuu,FI,2021-12-15 18:53:10,62.6012,29.7632,33.28,97,90,5.75,light shower snow
368,Acarau,BR,2021-12-15 18:47:34,-2.8856,-40.12,85.71,65,41,21.9,scattered clouds
369,Seymchan,RU,2021-12-15 18:53:10,62.8833,152.4333,-16.44,99,100,1.23,light snow
370,Bonavista,CA,2021-12-15 18:48:57,48.6499,-53.1147,27.12,76,100,36.42,light snow
371,Solton,RU,2021-12-15 18:53:11,52.8429,86.4787,10.31,87,100,3.69,overcast clouds
372,Matagami,CA,2021-12-15 18:53:12,49.7502,-77.6328,23.11,74,90,17.27,overcast clouds
373,Sulangan,PH,2021-12-15 18:53:12,11.1373,123.7228,80.02,86,100,25.05,overcast clouds
374,Tilichiki,RU,2021-12-15 18:53:13,60.4667,166.1,2.35,94,100,7.11,overcast clouds
375,Dodoma,TZ,2021-12-15 18:53:11,-6.1722,35.7395,73.26,64,97,11.1,overcast clouds
376,Henties Bay,NA,2021-12-15 18:44:46,-22.116,14.2845,61.86,87,0,10.54,clear sky
377,Ishurdi,BD,2021-12-15 18:53:14,24.1333,89.0833,63.34,45,74,6.67,broken clouds
378,Thinadhoo,MV,2021-12-15 18:46:19,0.5333,72.9333,80.98,74,99,1.28,overcast clouds
379,Rio Grande,BR,2021-12-15 18:51:39,-32.035,-52.0986,71.71,94,100,17.74,overcast clouds
380,Soto La Marina,MX,2021-12-15 18:53:16,23.7667,-98.2167,83.77,41,23,13.82,few clouds
381,Nadym,RU,2021-12-15 18:53:16,65.5333,72.5167,-9.65,100,80,6.15,broken clouds
382,Malko Tarnovo,BG,2021-12-15 18:53:18,41.9833,27.5333,35.58,97,100,12.41,light rain
383,Puerto Madero,MX,2021-12-15 18:53:18,14.7208,-92.4215,83.59,56,0,7.36,clear sky
384,Batagay-Alyta,RU,2021-12-15 18:48:41,67.8006,130.4114,-20.22,98,100,1.59,overcast clouds
385,Sri Aman,MY,2021-12-15 18:53:19,1.2376,111.4621,75.25,94,96,0.0,overcast clouds
386,Abu Samrah,SY,2021-12-15 18:45:53,35.3029,37.1841,55.42,70,25,3.18,scattered clouds
387,Santa Marinella,IT,2021-12-15 18:53:20,42.0345,11.8536,54.93,81,19,6.58,few clouds
388,Atar,MR,2021-12-15 18:43:26,20.5169,-13.0499,82.45,20,0,0.0,clear sky
389,Chulman,RU,2021-12-15 18:53:22,56.8479,124.9104,-38.61,100,100,1.36,overcast clouds
390,Gigmoto,PH,2021-12-15 18:53:22,13.7796,124.39,79.0,90,95,17.38,overcast clouds
391,Broome,US,2021-12-15 18:45:27,42.2506,-75.833,43.84,85,90,1.01,moderate rain
392,Ballina,AU,2021-12-15 18:53:24,-28.8667,153.5667,62.78,99,96,1.14,overcast clouds
393,Dicabisagan,PH,2021-12-15 18:53:25,17.0818,122.4157,73.89,88,100,5.32,overcast clouds
394,Katsuura,JP,2021-12-15 18:43:41,35.1333,140.3,44.71,56,2,2.91,clear sky
395,Meulaboh,ID,2021-12-15 18:49:11,4.1363,96.1285,77.11,89,97,3.74,overcast clouds
396,Ilulissat,GL,2021-12-15 18:53:27,69.2167,-51.1,5.74,93,100,4.05,overcast clouds
397,Lamar,US,2021-12-15 18:53:28,33.6668,-95.5836,78.46,69,90,25.32,overcast clouds
398,Beckley,US,2021-12-15 18:53:00,37.7782,-81.1882,62.49,37,100,1.01,overcast clouds
399,Marawi,PH,2021-12-15 18:45:33,7.9986,124.2928,66.65,98,100,3.44,light rain
400,Nichinan,JP,2021-12-15 18:53:29,31.6,131.3667,44.76,75,0,2.59,clear sky
401,Cape Coast,GH,2021-12-15 18:53:30,5.1053,-1.2466,81.19,83,96,9.51,light rain
402,Am Timan,TD,2021-12-15 18:53:31,11.0297,20.2827,85.14,20,22,2.24,few clouds
403,Longyearbyen,SJ,2021-12-15 18:41:06,78.2186,15.6401,28.24,69,20,14.97,few clouds
404,Port Blair,IN,2021-12-15 18:45:12,11.6667,92.75,77.92,73,99,8.68,overcast clouds
405,Pucallpa,PE,2021-12-15 18:53:32,-8.3791,-74.5539,84.24,74,75,11.5,broken clouds
406,Lasa,IT,2021-12-15 18:46:53,46.6166,10.7002,43.68,67,87,4.47,overcast clouds
407,Kalmunai,LK,2021-12-15 18:53:33,7.4167,81.8167,77.04,83,100,3.51,overcast clouds
408,Necochea,AR,2021-12-15 18:44:36,-38.5473,-58.7368,73.04,49,38,17.52,scattered clouds
409,Xunchang,CN,2021-12-15 18:53:33,28.4543,104.715,49.84,90,100,0.25,overcast clouds
410,Taltal,CL,2021-12-15 18:53:34,-25.4,-70.4833,68.95,68,22,8.55,few clouds
411,Saint-Pierre,RE,2021-12-15 18:53:36,-21.3393,55.4781,76.68,75,75,8.05,light rain
412,Bulata,PH,2021-12-15 18:53:37,9.8599,122.4016,79.27,85,100,20.31,overcast clouds
413,Awjilah,LY,2021-12-15 18:48:48,29.1081,21.2869,59.09,60,77,4.92,broken clouds
414,Umm Lajj,SA,2021-12-15 18:43:59,25.0213,37.2685,73.17,75,15,11.63,few clouds
415,Ensley,US,2021-12-15 18:53:39,30.5188,-87.2728,75.42,82,75,1.01,broken clouds
416,Tashla,RU,2021-12-15 18:53:40,51.7716,52.7427,26.6,96,100,8.43,overcast clouds
417,Neryungri,RU,2021-12-15 18:53:40,56.6709,124.6491,-35.27,99,100,2.13,overcast clouds
418,Igunga,TZ,2021-12-15 18:53:41,-4.2833,33.8833,72.48,69,91,6.33,overcast clouds
419,Murgab,TM,2021-12-15 18:53:42,37.4966,61.9714,33.76,60,0,8.1,clear sky
420,Innisfail,AU,2021-12-15 18:53:43,-17.5333,146.0333,77.29,74,91,2.24,overcast clouds
421,Bundaberg,AU,2021-12-15 18:53:43,-24.85,152.35,69.22,93,3,1.99,clear sky
422,Kirtipur,NP,2021-12-15 18:53:45,27.6667,85.2833,42.73,87,20,3.44,few clouds
423,Sartell,US,2021-12-15 18:53:46,45.6216,-94.2069,48.72,97,90,3.0,mist
424,Hastings,GB,2021-12-15 18:53:46,50.8552,0.5729,53.53,89,51,7.67,broken clouds
425,Kita,ML,2021-12-15 18:53:47,13.0349,-9.4895,85.89,15,100,5.3,overcast clouds
426,Luderitz,NA,2021-12-15 18:44:37,-26.6481,15.1594,63.88,67,7,26.28,clear sky
427,Evensk,RU,2021-12-15 18:48:03,61.95,159.2333,5.5,95,100,7.38,overcast clouds
428,Sept-Iles,CA,2021-12-15 18:49:06,50.2001,-66.3821,26.06,61,75,5.01,broken clouds
429,Guangyuan,CN,2021-12-15 18:53:48,32.442,105.823,45.45,79,99,5.84,overcast clouds
430,Nioro,GM,2021-12-15 18:46:33,13.35,-15.75,86.97,11,100,6.31,overcast clouds
431,Rosa Zarate,EC,2021-12-15 18:53:50,0.3333,-79.4667,77.99,81,100,4.5,overcast clouds
432,Bell Ville,AR,2021-12-15 18:53:50,-32.6259,-62.6887,83.66,26,0,7.43,clear sky
433,Ranong,TH,2021-12-15 18:53:51,9.9658,98.6348,73.83,85,92,3.89,overcast clouds
434,Belvidere,US,2021-12-15 18:53:52,42.2639,-88.8443,65.28,85,100,21.77,overcast clouds
435,Bure,ET,2021-12-15 18:53:52,10.7,37.0667,62.2,39,31,6.89,scattered clouds
436,Kirakira,SB,2021-12-15 18:53:54,-10.4544,161.9205,79.63,85,100,5.68,overcast clouds
437,Boca Do Acre,BR,2021-12-15 18:53:55,-8.7522,-67.3978,83.84,67,100,1.72,overcast clouds
438,Kaliua,TZ,2021-12-15 18:53:55,-5.0606,31.7936,66.52,85,100,2.57,overcast clouds
439,Barbastro,ES,2021-12-15 18:53:56,42.0356,0.1269,49.78,65,20,3.02,few clouds
440,Ambon,ID,2021-12-15 18:53:57,-3.6954,128.1814,78.94,89,40,4.61,scattered clouds
441,Touros,BR,2021-12-15 18:42:29,-5.1989,-35.4608,86.9,66,100,14.52,overcast clouds
442,Luwuk,ID,2021-12-15 18:45:30,-0.9516,122.7875,78.57,86,99,3.15,overcast clouds
443,Padilla,CO,2021-12-15 18:53:58,3.2204,-76.3139,81.97,66,97,1.72,overcast clouds
444,Moramanga,MG,2021-12-15 18:53:59,-18.9333,48.2,62.98,96,42,2.35,scattered clouds
445,Sandy Bay,AU,2021-12-15 18:53:59,-42.913,147.3532,54.05,77,90,1.01,overcast clouds
446,Tocopilla,CL,2021-12-15 18:54:00,-22.092,-70.1979,71.17,67,100,10.33,overcast clouds
447,Ginir,ET,2021-12-15 18:54:00,7.1333,40.7,58.15,66,100,2.64,overcast clouds
448,Moss Point,US,2021-12-15 18:54:01,30.4116,-88.5345,75.07,73,90,10.36,overcast clouds
449,Nalut,LY,2021-12-15 18:54:01,30.3333,10.85,53.28,46,100,8.14,overcast clouds
450,Kidal,ML,2021-12-15 18:54:02,18.4411,1.4078,75.9,22,100,12.53,overcast clouds
451,Katobu,ID,2021-12-15 18:44:35,-4.9408,122.5276,76.03,92,100,1.41,overcast clouds
452,Fiditi,NG,2021-12-15 18:54:03,7.7136,3.9172,84.6,38,96,2.28,overcast clouds
453,Adre,TD,2021-12-15 18:54:03,13.4667,22.2,75.43,26,3,6.17,clear sky
454,Bambui,BR,2021-12-15 18:54:04,-20.0064,-45.9769,75.07,80,97,5.95,overcast clouds
455,Lagunas,PE,2021-12-15 18:54:04,-5.2269,-75.6753,86.29,68,100,5.55,overcast clouds
456,Hofn,IS,2021-12-15 18:45:03,64.2539,-15.2082,39.22,81,20,23.02,few clouds
457,Monki,PL,2021-12-15 18:54:05,53.405,22.7979,35.67,98,100,10.58,overcast clouds
458,Pendencias,BR,2021-12-15 18:54:06,-5.26,-36.7222,90.3,45,100,19.15,overcast clouds
459,Chernyshevskiy,RU,2021-12-15 18:48:22,63.0128,112.4714,-15.16,89,100,10.13,overcast clouds
460,Panzhihua,CN,2021-12-15 18:54:07,26.5851,101.7128,48.67,75,23,1.16,few clouds
461,Heiligenhafen,DE,2021-12-15 18:54:07,54.3667,10.9833,48.94,89,100,17.45,overcast clouds
462,Bainbridge,US,2021-12-15 18:52:41,47.6262,-122.5212,44.47,74,90,1.99,light rain
463,Magugu,TZ,2021-12-15 18:54:08,-4.0167,35.7667,68.23,86,96,2.75,moderate rain
464,Biak,ID,2021-12-15 18:54:09,-0.9131,122.8766,77.32,84,92,3.11,overcast clouds
465,Beyneu,KZ,2021-12-15 18:54:10,45.3167,55.2,36.54,67,84,23.58,broken clouds
466,Pochutla,MX,2021-12-15 18:54:11,15.7432,-96.4661,89.82,37,3,8.77,clear sky
467,Sumbe,AO,2021-12-15 18:54:11,-11.2061,13.8437,77.94,86,100,5.68,overcast clouds
468,Vestmannaeyjar,IS,2021-12-15 18:45:18,63.4427,-20.2734,43.79,81,75,29.93,broken clouds
469,Maloy,NO,2021-12-15 18:54:13,61.9353,5.1136,48.67,90,20,8.99,light rain
470,Hanyang,CN,2021-12-15 18:54:13,32.1371,105.5126,42.84,79,100,4.72,overcast clouds
471,Olden,NO,2021-12-15 18:54:14,61.8364,6.8064,48.94,98,99,7.56,overcast clouds
472,Kigoma,TZ,2021-12-15 18:54:14,-4.8769,29.6267,74.66,72,100,3.31,overcast clouds
473,Presque Isle,US,2021-12-15 18:52:08,46.6811,-68.0159,26.29,57,1,6.91,clear sky
474,Borujerd,IR,2021-12-15 18:54:15,33.8973,48.7516,43.97,30,0,3.36,clear sky
475,Cabo San Lucas,MX,2021-12-15 18:51:29,22.8909,-109.9124,85.51,48,61,3.0,broken clouds
476,Moorhead,US,2021-12-15 18:54:16,46.8739,-96.7676,40.87,94,90,10.36,fog
477,Bereda,ES,2021-12-15 18:54:16,43.2686,-7.5406,45.91,85,12,1.36,few clouds
478,Berdigestyakh,RU,2021-12-15 18:54:16,62.0989,126.6992,-23.84,97,100,6.31,overcast clouds
479,Luena,AO,2021-12-15 18:54:17,-11.7833,19.9167,64.47,88,90,4.25,overcast clouds
480,Tornio,FI,2021-12-15 18:54:18,65.8481,24.1466,33.82,82,100,12.19,snow
481,Cap Malheureux,MU,2021-12-15 18:54:18,-19.9842,57.6142,76.46,73,5,5.99,light rain
482,Labuhan,ID,2021-12-15 18:54:19,-6.8844,112.2051,77.38,89,100,6.8,overcast clouds
483,Shingu,JP,2021-12-15 18:54:19,33.7333,135.9833,45.18,82,7,7.25,clear sky
484,Saint-Junien,FR,2021-12-15 18:54:20,45.8833,0.9,49.51,84,54,5.48,broken clouds
485,Bossangoa,CF,2021-12-15 18:54:20,6.4926,17.4552,79.39,25,100,3.98,overcast clouds
486,Geraldton,AU,2021-12-15 18:54:21,-28.7667,114.6,64.81,77,90,6.91,overcast clouds
487,Oga,IT,2021-12-15 18:54:22,46.4631,10.347,36.28,75,81,3.0,broken clouds
488,Mareeba,AU,2021-12-15 18:54:22,-17.0,145.4333,70.52,94,16,2.59,few clouds
489,Sabang,ID,2021-12-15 18:54:23,5.8933,95.3214,82.26,77,62,12.95,broken clouds
490,Ouadda,CF,2021-12-15 18:54:23,8.0777,22.4007,76.35,26,100,4.63,overcast clouds
491,Horki,BY,2021-12-15 18:54:24,54.2861,30.9842,28.74,90,35,9.19,scattered clouds
492,Yining,CN,2021-12-15 18:46:50,29.0361,114.5636,56.57,82,100,2.48,overcast clouds
493,Porto Novo,BJ,2021-12-15 18:46:18,6.4965,2.6036,84.02,78,11,7.65,few clouds
494,Verkhoyansk,RU,2021-12-15 18:54:26,67.5447,133.385,-33.83,99,96,1.92,overcast clouds
495,Salou,ES,2021-12-15 18:54:26,41.0766,1.1416,56.28,71,20,3.44,few clouds
496,Gangapur,IN,2021-12-15 18:54:27,26.4833,76.7167,59.81,60,2,5.03,clear sky
497,Lang Son,VN,2021-12-15 18:54:28,21.8333,106.7333,59.54,96,59,1.14,broken clouds
498,Plettenberg Bay,ZA,2021-12-15 18:54:29,-34.0527,23.3716,61.34,82,100,14.9,light rain
499,Chapais,CA,2021-12-15 18:49:06,49.7834,-74.8492,13.78,79,100,12.06,overcast clouds
500,Ketchikan,US,2021-12-15 18:54:29,55.3422,-131.6461,28.8,81,100,4.65,overcast clouds
501,Coolum Beach,AU,2021-12-15 18:54:30,-26.5333,153.1,67.1,97,2,3.31,clear sky
502,Miandrivazo,MG,2021-12-15 18:54:31,-19.5167,45.4667,78.78,73,48,6.24,light rain
503,Pemex,MX,2021-12-15 18:54:31,18.4395,-96.3461,83.32,55,3,2.42,clear sky
504,Cap-Haitien,HT,2021-12-15 18:54:32,19.7578,-72.2042,80.29,72,0,25.14,clear sky
505,Victor Harbor,AU,2021-12-15 18:54:32,-35.5667,138.6167,59.9,89,0,6.71,clear sky
506,Anadyr,RU,2021-12-15 18:54:33,64.75,177.4833,5.5,85,40,26.84,light snow
507,Dubrovka,RU,2021-12-15 18:54:33,53.6907,33.5071,30.18,89,100,7.31,overcast clouds
508,Husavik,IS,2021-12-15 18:44:41,66.0449,-17.3389,40.91,85,100,10.18,overcast clouds
509,Upata,VE,2021-12-15 18:54:34,8.0086,-62.3989,78.1,85,76,4.76,broken clouds
510,Buraydah,SA,2021-12-15 18:54:36,26.326,43.975,63.05,16,100,7.81,overcast clouds
511,Tumut,AU,2021-12-15 18:54:37,-35.3,148.2167,52.79,95,2,1.7,clear sky
512,Dunedin,NZ,2021-12-15 18:49:15,-45.8742,170.5036,53.8,97,100,6.15,light rain
513,Stalskoye,RU,2021-12-15 18:54:40,43.1873,46.9672,44.15,60,34,8.7,scattered clouds
514,Palmer,US,2021-12-15 18:54:40,42.1584,-72.3287,45.93,42,75,1.01,broken clouds
515,Abakaliki,NG,2021-12-15 18:54:41,6.3163,8.1169,84.97,18,100,2.51,overcast clouds
516,Oshnaviyeh,IR,2021-12-15 18:54:42,37.0397,45.0983,28.65,36,0,6.4,clear sky
517,Luganville,VU,2021-12-15 18:54:43,-15.5333,167.1667,78.42,87,90,7.9,overcast clouds
518,Chulakivka,UA,2021-12-15 18:54:43,46.3576,32.3514,38.66,88,100,18.79,overcast clouds
519,Lisieux,FR,2021-12-15 18:54:44,49.1667,0.1667,47.93,91,0,5.39,clear sky
520,Aswan,EG,2021-12-15 18:49:06,24.0934,32.907,63.7,34,0,13.8,clear sky
521,Mongu,ZM,2021-12-15 18:54:44,-15.2484,23.1274,73.6,65,15,4.41,few clouds
522,Nouadhibou,MR,2021-12-15 18:46:59,20.931,-17.0347,64.53,80,0,16.75,clear sky
523,Yar-Sale,RU,2021-12-15 18:48:43,66.8333,70.8333,-12.42,100,95,4.14,overcast clouds
524,Farafangana,MG,2021-12-15 18:46:55,-22.8167,47.8333,76.21,84,2,11.48,moderate rain
525,Pangoa,PE,2021-12-15 18:54:46,-12.1167,-73.0,89.15,45,16,4.94,few clouds
526,Cockburn Town,TC,2021-12-15 18:54:47,21.4612,-71.1419,82.36,61,40,17.27,scattered clouds
527,Tukrah,LY,2021-12-15 18:54:49,32.5341,20.5791,56.57,72,3,6.96,clear sky
528,Yigou,CN,2021-12-15 18:54:50,35.8114,114.3167,42.01,51,27,2.01,scattered clouds
529,Gladstone,AU,2021-12-15 18:54:50,-23.85,151.25,71.53,83,3,4.61,clear sky
530,Snezhnogorsk,RU,2021-12-15 18:54:51,69.1933,33.2531,24.58,95,100,10.51,light snow
531,Hauterive,FR,2021-12-15 18:54:52,46.0901,3.4459,37.02,92,94,1.52,overcast clouds
532,Tazovskiy,RU,2021-12-15 18:54:52,67.4667,78.7,-28.05,100,14,4.74,few clouds
533,Bazarnyye Mataki,RU,2021-12-15 18:54:53,54.8833,49.9333,26.8,96,100,7.92,overcast clouds
534,Blythe,US,2021-12-15 18:54:05,33.6103,-114.5964,53.04,22,8,7.2,clear sky
535,College Station,US,2021-12-15 18:50:30,30.628,-96.3344,79.11,69,40,23.02,scattered clouds
536,Cordoba,AR,2021-12-15 18:54:49,-31.4135,-64.1811,84.76,47,0,1.99,clear sky
537,Kavaratti,IN,2021-12-15 18:45:02,10.5669,72.642,81.97,70,28,1.92,scattered clouds
538,Candelaria,PH,2021-12-15 18:54:56,13.9311,121.4233,77.4,88,93,5.95,overcast clouds
539,Fairbanks,US,2021-12-15 18:54:57,64.8378,-147.7164,-26.39,59,17,0.0,haze
540,Maningrida,AU,2021-12-15 18:54:58,-12.0667,134.2667,82.92,73,8,4.25,clear sky
541,Kumylzhenskaya,RU,2021-12-15 18:55:00,49.8809,42.5898,32.99,94,100,2.91,overcast clouds
542,Huambo,AO,2021-12-15 18:53:01,-12.7761,15.7392,62.26,90,100,1.52,overcast clouds
543,Guarapari,BR,2021-12-15 18:55:01,-20.6667,-40.4975,82.29,87,59,17.58,broken clouds
544,Massakory,TD,2021-12-15 18:55:02,12.996,15.7293,77.47,21,2,14.09,clear sky
545,Razole,IN,2021-12-15 18:55:02,16.4833,81.8333,70.59,73,94,3.51,overcast clouds
546,Coihaique,CL,2021-12-15 18:55:03,-45.5752,-72.0662,68.61,42,20,5.75,few clouds
547,Chokwe,MZ,2021-12-15 18:55:04,-24.5333,32.9833,83.55,52,2,5.68,clear sky
548,Tranas,SE,2021-12-15 18:55:05,58.0372,14.9782,47.43,94,100,14.9,overcast clouds
549,Los Llanos De Aridane,ES,2021-12-15 18:47:56,28.6585,-17.9182,60.55,86,20,7.0,few clouds
550,Manali,IN,2021-12-15 18:55:07,13.1667,80.2667,80.08,75,99,11.23,overcast clouds
551,Dano,BF,2021-12-15 18:55:08,11.15,-3.0667,87.6,12,100,8.84,overcast clouds
552,Caraballeda,VE,2021-12-15 18:55:09,10.6112,-66.8522,84.36,75,52,10.31,broken clouds
553,Bathsheba,BB,2021-12-15 18:45:24,13.2167,-59.5167,86.61,62,40,24.16,scattered clouds
554,Khani,GE,2021-12-15 18:48:14,41.9563,42.9566,45.97,43,22,8.12,few clouds
555,Aljezur,PT,2021-12-15 18:55:10,37.3191,-8.8033,54.36,74,100,4.88,overcast clouds
556,Xining,CN,2021-12-15 18:55:11,36.6167,101.7667,19.83,37,99,1.9,overcast clouds
557,Legnago,IT,2021-12-15 18:55:12,45.1832,11.3091,43.95,83,99,3.49,overcast clouds
558,Valdez,EC,2021-12-15 18:55:12,1.2492,-78.9831,78.13,84,70,14.79,light rain
559,Kaeo,NZ,2021-12-15 18:55:13,-35.1,173.7833,67.32,92,100,9.17,overcast clouds
560,Verkhnyaya Inta,RU,2021-12-15 18:55:14,65.9811,60.3094,12.96,86,100,5.46,overcast clouds
561,Kampong Cham,KH,2021-12-15 18:55:15,11.9934,105.4635,73.94,80,13,6.51,few clouds
562,Petropavlovskoye,RU,2021-12-15 18:55:15,52.0712,84.107,18.0,84,100,6.31,overcast clouds
563,Quang Ngai,VN,2021-12-15 18:55:15,15.1167,108.8,71.01,93,51,3.96,broken clouds
564,Arona,ES,2021-12-15 18:55:16,28.0996,-16.681,59.31,64,75,3.0,broken clouds
565,Gizo,SB,2021-12-15 18:55:16,-8.103,156.8419,79.56,87,100,10.85,moderate rain
566,Acapulco,MX,2021-12-15 18:54:23,16.8634,-99.8901,85.77,58,0,6.35,clear sky
